

Microchip MPLAB XC8 Assembler V3.10 build 20250813170317 
                                                                                               Mon Jun  8 15:42:22 2026

Microchip MPLAB XC8 C Compiler v3.10 (Free license) build 20250813170317 Og1 
     1                           	processor	18F4550
     2                           	fnconf	rparam,??,?,0
     3                           	pagewidth 120
     4                           	opt	flic
     5                           	psect	idataCOMRAM,global,class=CODE,space=0,delta=1,noexec
     6                           	psect	idataBANK0,global,class=CODE,space=0,delta=1,noexec
     7                           	psect	nvBANK0,global,class=BANK0,space=1,delta=1,lowdata,noexec
     8                           	psect	smallconst,global,reloc=2,class=SMALLCONST,space=0,delta=1,noexec
     9                           	psect	cinit,global,reloc=2,class=CODE,space=0,delta=1
    10                           	psect	bssCOMRAM,global,class=COMRAM,space=1,delta=1,lowdata,noexec
    11                           	psect	dataCOMRAM,global,class=COMRAM,space=1,delta=1,lowdata,noexec
    12                           	psect	bssBANK0,global,class=BANK0,space=1,delta=1,lowdata,noexec
    13                           	psect	dataBANK0,global,class=BANK0,space=1,delta=1,lowdata,noexec
    14                           	psect	cstackBANK0,global,class=BANK0,space=1,delta=1,lowdata,noexec
    15                           	psect	cstackCOMRAM,global,class=COMRAM,space=1,delta=1,lowdata,noexec
    16                           	psect	text0,global,reloc=2,class=CODE,space=0,delta=1
    17                           	psect	text1,global,reloc=2,class=CODE,space=0,delta=1,group=3
    18                           	psect	text2,global,reloc=2,class=CODE,space=0,delta=1
    19                           	psect	text3,global,reloc=2,class=CODE,space=0,delta=1
    20                           	psect	text4,global,reloc=2,class=CODE,space=0,delta=1
    21                           	psect	text5,global,reloc=2,class=CODE,space=0,delta=1,group=3
    22                           	psect	text6,global,reloc=2,class=CODE,space=0,delta=1,group=1
    23                           	psect	text7,global,reloc=2,class=CODE,space=0,delta=1,group=1
    24                           	psect	text8,global,reloc=2,class=CODE,space=0,delta=1,group=3
    25                           	psect	text9,global,reloc=2,class=CODE,space=0,delta=1,group=3
    26                           	psect	text10,global,reloc=2,class=CODE,space=0,delta=1,group=3
    27                           	psect	text11,global,reloc=2,class=CODE,space=0,delta=1,group=2
    28                           	psect	text12,global,reloc=2,class=CODE,space=0,delta=1,group=2
    29                           	psect	text13,global,reloc=2,class=CODE,space=0,delta=1,group=3
    30                           	psect	text14,global,reloc=2,class=CODE,space=0,delta=1,group=2
    31                           	psect	text15,global,reloc=2,class=CODE,space=0,delta=1
    32                           	psect	text16,global,reloc=2,class=CODE,space=0,delta=1
    33                           	psect	intcode,global,reloc=2,class=CODE,space=0,delta=1
    34                           	psect	intcode_body,global,reloc=2,class=CODE,space=0,delta=1
    35                           	psect	intsave_regs,global,class=BIGRAM,space=1,delta=1,noexec
    36                           	psect	rparam,global,class=COMRAM,space=1,delta=1,noexec
    37                           	psect	config,global,abs,ovrld,class=CONFIG,space=4,delta=1,noexec
    38                           	dabs	1,0x1,1
    39   000000                     
    40                           ; Generated 17/01/2025 GMT
    41                           ; 
    42                           ; Copyright © 2025, Microchip Technology Inc. and its subsidiaries ("Microchip")
    43                           ; All rights reserved.
    44                           ; 
    45                           ; This software is developed by Microchip Technology Inc. and its subsidiaries ("Microch
      +                          ip").
    46                           ; 
    47                           ; Redistribution and use in source and binary forms, with or without modification, are
    48                           ; permitted provided that the following conditions are met:
    49                           ; 
    50                           ;     1. Redistributions of source code must retain the above copyright notice, this lis
      +                          t of
    51                           ;        conditions and the following disclaimer.
    52                           ; 
    53                           ;     2. Redistributions in binary form must reproduce the above copyright notice, this 
      +                          list
    54                           ;        of conditions and the following disclaimer in the documentation and/or other
    55                           ;        materials provided with the distribution. Publication is not required when
    56                           ;        this file is used in an embedded application.
    57                           ; 
    58                           ;     3. Microchip's name may not be used to endorse or promote products derived from th
      +                          is
    59                           ;        software without specific prior written permission.
    60                           ; 
    61                           ; THIS SOFTWARE IS PROVIDED BY MICROCHIP "AS IS" AND ANY EXPRESS OR IMPLIED WARRANTIES,
    62                           ; INCLUDING, BUT NOT LIMITED TO, THE IMPLIED WARRANTIES OF MERCHANTABILITY AND FITNESS F
      +                          OR
    63                           ; PURPOSE ARE DISCLAIMED.  IN NO EVENT SHALL MICROCHIP BE LIABLE FOR ANY DIRECT, INDIREC
      +                          T,
    64                           ; INCIDENTAL, SPECIAL, EXEMPLARY, OR CONSEQUENTIAL DAMAGES (INCLUDING BUT NOT LIMITED TO
    65                           ; PROCUREMENT OF SUBSTITUTE GOODS OR SERVICES; LOSS OF USE, DATA OR PROFITS; OR BUSINESS
    66                           ; INTERRUPTION) HOWSOEVER CAUSED AND ON ANY THEORY OF LIABILITY, WHETHER IN CONTRACT, ST
      +                          RICT
    67                           ; LIABILITY, OR TORT (INCLUDING NEGLIGENCE OR OTHERWISE) ARISING IN ANY WAY OUT OF THE U
      +                          SE OF
    68                           ; THIS SOFTWARE, EVEN IF ADVISED OF THE POSSIBILITY OF SUCH DAMAGE.
    69                           ; 
    70                           ; 
    71                           ; Code-generator required, PIC18F4550 Definitions
    72                           ; 
    73                           ; SFR Addresses
    74   000FE0                     bsr             equ	4064
    75   000FE9                     fsr0            equ	4073
    76   000FEA                     fsr0h           equ	4074
    77   000FE9                     fsr0l           equ	4073
    78   000FE1                     fsr1            equ	4065
    79   000FE2                     fsr1h           equ	4066
    80   000FE1                     fsr1l           equ	4065
    81   000FD9                     fsr2            equ	4057
    82   000FDA                     fsr2h           equ	4058
    83   000FD9                     fsr2l           equ	4057
    84   000FEF                     indf0           equ	4079
    85   000FE7                     indf1           equ	4071
    86   000FDF                     indf2           equ	4063
    87   000FF2                     intcon          equ	4082
    88   000000                     nvmcon          equ	0
    89   000FF9                     pcl             equ	4089
    90   000FFA                     pclath          equ	4090
    91   000FFB                     pclatu          equ	4091
    92   000FEB                     plusw0          equ	4075
    93   000FE3                     plusw1          equ	4067
    94   000FDB                     plusw2          equ	4059
    95   000FED                     postdec0        equ	4077
    96   000FE5                     postdec1        equ	4069
    97   000FDD                     postdec2        equ	4061
    98   000FEE                     postinc0        equ	4078
    99   000FE6                     postinc1        equ	4070
   100   000FDE                     postinc2        equ	4062
   101   000FEC                     preinc0         equ	4076
   102   000FE4                     preinc1         equ	4068
   103   000FDC                     preinc2         equ	4060
   104   000FF3                     prod            equ	4083
   105   000FF4                     prodh           equ	4084
   106   000FF3                     prodl           equ	4083
   107   000FD8                     status          equ	4056
   108   000FF5                     tablat          equ	4085
   109   000FF6                     tblptr          equ	4086
   110   000FF7                     tblptrh         equ	4087
   111   000FF6                     tblptrl         equ	4086
   112   000FF8                     tblptru         equ	4088
   113   000FFD                     tosl            equ	4093
   114   000FE8                     wreg            equ	4072
   115   000F62                     SPPDATA         equ	3938	;# 
   116   000F63                     SPPCFG          equ	3939	;# 
   117   000F64                     SPPEPS          equ	3940	;# 
   118   000F65                     SPPCON          equ	3941	;# 
   119   000F66                     UFRM            equ	3942	;# 
   120   000F66                     UFRML           equ	3942	;# 
   121   000F67                     UFRMH           equ	3943	;# 
   122   000F68                     UIR             equ	3944	;# 
   123   000F69                     UIE             equ	3945	;# 
   124   000F6A                     UEIR            equ	3946	;# 
   125   000F6B                     UEIE            equ	3947	;# 
   126   000F6C                     USTAT           equ	3948	;# 
   127   000F6D                     UCON            equ	3949	;# 
   128   000F6E                     UADDR           equ	3950	;# 
   129   000F6F                     UCFG            equ	3951	;# 
   130   000F70                     UEP0            equ	3952	;# 
   131   000F71                     UEP1            equ	3953	;# 
   132   000F72                     UEP2            equ	3954	;# 
   133   000F73                     UEP3            equ	3955	;# 
   134   000F74                     UEP4            equ	3956	;# 
   135   000F75                     UEP5            equ	3957	;# 
   136   000F76                     UEP6            equ	3958	;# 
   137   000F77                     UEP7            equ	3959	;# 
   138   000F78                     UEP8            equ	3960	;# 
   139   000F79                     UEP9            equ	3961	;# 
   140   000F7A                     UEP10           equ	3962	;# 
   141   000F7B                     UEP11           equ	3963	;# 
   142   000F7C                     UEP12           equ	3964	;# 
   143   000F7D                     UEP13           equ	3965	;# 
   144   000F7E                     UEP14           equ	3966	;# 
   145   000F7F                     UEP15           equ	3967	;# 
   146   000F80                     PORTA           equ	3968	;# 
   147   000F81                     PORTB           equ	3969	;# 
   148   000F82                     PORTC           equ	3970	;# 
   149   000F83                     PORTD           equ	3971	;# 
   150   000F84                     PORTE           equ	3972	;# 
   151   000F89                     LATA            equ	3977	;# 
   152   000F8A                     LATB            equ	3978	;# 
   153   000F8B                     LATC            equ	3979	;# 
   154   000F8C                     LATD            equ	3980	;# 
   155   000F8D                     LATE            equ	3981	;# 
   156   000F92                     TRISA           equ	3986	;# 
   157   000F92                     DDRA            equ	3986	;# 
   158   000F93                     TRISB           equ	3987	;# 
   159   000F93                     DDRB            equ	3987	;# 
   160   000F94                     TRISC           equ	3988	;# 
   161   000F94                     DDRC            equ	3988	;# 
   162   000F95                     TRISD           equ	3989	;# 
   163   000F95                     DDRD            equ	3989	;# 
   164   000F96                     TRISE           equ	3990	;# 
   165   000F96                     DDRE            equ	3990	;# 
   166   000F9B                     OSCTUNE         equ	3995	;# 
   167   000F9D                     PIE1            equ	3997	;# 
   168   000F9E                     PIR1            equ	3998	;# 
   169   000F9F                     IPR1            equ	3999	;# 
   170   000FA0                     PIE2            equ	4000	;# 
   171   000FA1                     PIR2            equ	4001	;# 
   172   000FA2                     IPR2            equ	4002	;# 
   173   000FA6                     EECON1          equ	4006	;# 
   174   000FA7                     EECON2          equ	4007	;# 
   175   000FA8                     EEDATA          equ	4008	;# 
   176   000FA9                     EEADR           equ	4009	;# 
   177   000FAB                     RCSTA           equ	4011	;# 
   178   000FAB                     RCSTA1          equ	4011	;# 
   179   000FAC                     TXSTA           equ	4012	;# 
   180   000FAC                     TXSTA1          equ	4012	;# 
   181   000FAD                     TXREG           equ	4013	;# 
   182   000FAD                     TXREG1          equ	4013	;# 
   183   000FAE                     RCREG           equ	4014	;# 
   184   000FAE                     RCREG1          equ	4014	;# 
   185   000FAF                     SPBRG           equ	4015	;# 
   186   000FAF                     SPBRG1          equ	4015	;# 
   187   000FB0                     SPBRGH          equ	4016	;# 
   188   000FB1                     T3CON           equ	4017	;# 
   189   000FB2                     TMR3            equ	4018	;# 
   190   000FB2                     TMR3L           equ	4018	;# 
   191   000FB3                     TMR3H           equ	4019	;# 
   192   000FB4                     CMCON           equ	4020	;# 
   193   000FB5                     CVRCON          equ	4021	;# 
   194   000FB6                     ECCP1AS         equ	4022	;# 
   195   000FB6                     CCP1AS          equ	4022	;# 
   196   000FB7                     ECCP1DEL        equ	4023	;# 
   197   000FB7                     CCP1DEL         equ	4023	;# 
   198   000FB8                     BAUDCON         equ	4024	;# 
   199   000FB8                     BAUDCTL         equ	4024	;# 
   200   000FBA                     CCP2CON         equ	4026	;# 
   201   000FBB                     CCPR2           equ	4027	;# 
   202   000FBB                     CCPR2L          equ	4027	;# 
   203   000FBC                     CCPR2H          equ	4028	;# 
   204   000FBD                     CCP1CON         equ	4029	;# 
   205   000FBD                     ECCP1CON        equ	4029	;# 
   206   000FBE                     CCPR1           equ	4030	;# 
   207   000FBE                     CCPR1L          equ	4030	;# 
   208   000FBF                     CCPR1H          equ	4031	;# 
   209   000FC0                     ADCON2          equ	4032	;# 
   210   000FC1                     ADCON1          equ	4033	;# 
   211   000FC2                     ADCON0          equ	4034	;# 
   212   000FC3                     ADRES           equ	4035	;# 
   213   000FC3                     ADRESL          equ	4035	;# 
   214   000FC4                     ADRESH          equ	4036	;# 
   215   000FC5                     SSPCON2         equ	4037	;# 
   216   000FC6                     SSPCON1         equ	4038	;# 
   217   000FC7                     SSPSTAT         equ	4039	;# 
   218   000FC8                     SSPADD          equ	4040	;# 
   219   000FC9                     SSPBUF          equ	4041	;# 
   220   000FCA                     T2CON           equ	4042	;# 
   221   000FCB                     PR2             equ	4043	;# 
   222   000FCB                     MEMCON          equ	4043	;# 
   223   000FCC                     TMR2            equ	4044	;# 
   224   000FCD                     T1CON           equ	4045	;# 
   225   000FCE                     TMR1            equ	4046	;# 
   226   000FCE                     TMR1L           equ	4046	;# 
   227   000FCF                     TMR1H           equ	4047	;# 
   228   000FD0                     RCON            equ	4048	;# 
   229   000FD1                     WDTCON          equ	4049	;# 
   230   000FD2                     HLVDCON         equ	4050	;# 
   231   000FD2                     LVDCON          equ	4050	;# 
   232   000FD3                     OSCCON          equ	4051	;# 
   233   000FD5                     T0CON           equ	4053	;# 
   234   000FD6                     TMR0            equ	4054	;# 
   235   000FD6                     TMR0L           equ	4054	;# 
   236   000FD7                     TMR0H           equ	4055	;# 
   237   000FD8                     STATUS          equ	4056	;# 
   238   000FD9                     FSR2            equ	4057	;# 
   239   000FD9                     FSR2L           equ	4057	;# 
   240   000FDA                     FSR2H           equ	4058	;# 
   241   000FDB                     PLUSW2          equ	4059	;# 
   242   000FDC                     PREINC2         equ	4060	;# 
   243   000FDD                     POSTDEC2        equ	4061	;# 
   244   000FDE                     POSTINC2        equ	4062	;# 
   245   000FDF                     INDF2           equ	4063	;# 
   246   000FE0                     BSR             equ	4064	;# 
   247   000FE1                     FSR1            equ	4065	;# 
   248   000FE1                     FSR1L           equ	4065	;# 
   249   000FE2                     FSR1H           equ	4066	;# 
   250   000FE3                     PLUSW1          equ	4067	;# 
   251   000FE4                     PREINC1         equ	4068	;# 
   252   000FE5                     POSTDEC1        equ	4069	;# 
   253   000FE6                     POSTINC1        equ	4070	;# 
   254   000FE7                     INDF1           equ	4071	;# 
   255   000FE8                     WREG            equ	4072	;# 
   256   000FE9                     FSR0            equ	4073	;# 
   257   000FE9                     FSR0L           equ	4073	;# 
   258   000FEA                     FSR0H           equ	4074	;# 
   259   000FEB                     PLUSW0          equ	4075	;# 
   260   000FEC                     PREINC0         equ	4076	;# 
   261   000FED                     POSTDEC0        equ	4077	;# 
   262   000FEE                     POSTINC0        equ	4078	;# 
   263   000FEF                     INDF0           equ	4079	;# 
   264   000FF0                     INTCON3         equ	4080	;# 
   265   000FF1                     INTCON2         equ	4081	;# 
   266   000FF2                     INTCON          equ	4082	;# 
   267   000FF3                     PROD            equ	4083	;# 
   268   000FF3                     PRODL           equ	4083	;# 
   269   000FF4                     PRODH           equ	4084	;# 
   270   000FF5                     TABLAT          equ	4085	;# 
   271   000FF6                     TBLPTR          equ	4086	;# 
   272   000FF6                     TBLPTRL         equ	4086	;# 
   273   000FF7                     TBLPTRH         equ	4087	;# 
   274   000FF8                     TBLPTRU         equ	4088	;# 
   275   000FF9                     PCLAT           equ	4089	;# 
   276   000FF9                     PC              equ	4089	;# 
   277   000FF9                     PCL             equ	4089	;# 
   278   000FFA                     PCLATH          equ	4090	;# 
   279   000FFB                     PCLATU          equ	4091	;# 
   280   000FFC                     STKPTR          equ	4092	;# 
   281   000FFD                     TOS             equ	4093	;# 
   282   000FFD                     TOSL            equ	4093	;# 
   283   000FFE                     TOSH            equ	4094	;# 
   284   000FFF                     TOSU            equ	4095	;# 
   285                           
   286                           	psect	idataCOMRAM
   287   0013EE                     __pidataCOMRAM:
   288                           	callstack 0
   289                           
   290                           ;initializer for _servo_pos
   291   0013EE  0F                 	db	15
   292                           
   293                           	psect	idataBANK0
   294   0013DA                     __pidataBANK0:
   295                           	callstack 0
   296                           
   297                           ;initializer for Get_Key@F3669
   298   0013DA  37                 	db	55
   299   0013DB  38                 	db	56
   300   0013DC  39                 	db	57
   301   0013DD  2F                 	db	47
   302   0013DE  34                 	db	52
   303   0013DF  35                 	db	53
   304   0013E0  36                 	db	54
   305   0013E1  2A                 	db	42
   306   0013E2  31                 	db	49
   307   0013E3  32                 	db	50
   308   0013E4  33                 	db	51
   309   0013E5  2D                 	db	45
   310   0013E6  43                 	db	67
   311   0013E7  30                 	db	48
   312   0013E8  3D                 	db	61
   313   0013E9  2B                 	db	43
   314                           
   315                           ;initializer for _lives
   316   0013EA  03                 	db	3
   317                           
   318                           	psect	nvBANK0
   319   0000DD                     __pnvBANK0:
   320                           	callstack 0
   321   0000DD                     _seed:
   322                           	callstack 0
   323   0000DD                     	ds	4
   324   000FF2                     _INTCONbits     set	4082
   325   000F9D                     _PIE1bits       set	3997
   326   000FCD                     _T1CON          set	4045
   327   000F95                     _TRISD          set	3989
   328   000FF1                     _INTCON2bits    set	4081
   329   000F93                     _TRISB          set	3987
   330   000F8C                     _LATD           set	3980
   331   000FCE                     _TMR1L          set	4046
   332   000FCF                     _TMR1H          set	4047
   333   000F8B                     _LATCbits       set	3979
   334   000F81                     _PORTBbits      set	3969
   335   000F8A                     _LATB           set	3978
   336   000FAD                     _TXREG          set	4013
   337   000F9E                     _PIR1bits       set	3998
   338   000FAB                     _RCSTA          set	4011
   339   000FAC                     _TXSTA          set	4012
   340   000FAF                     _SPBRG          set	4015
   341   000F94                     _TRISCbits      set	3988
   342                           
   343                           	psect	smallconst
   344   000800                     __psmallconst:
   345                           	callstack 0
   346   000800  00                 	db	0
   347   000801                     STR_8:
   348   000801  74                 	db	116	;'t'
   349   000802  5F                 	db	95	;'_'
   350   000803  72                 	db	114	;'r'
   351   000804  65                 	db	101	;'e'
   352   000805  73                 	db	115	;'s'
   353   000806  75                 	db	117	;'u'
   354   000807  6C                 	db	108	;'l'
   355   000808  74                 	db	116	;'t'
   356   000809  2E                 	db	46
   357   00080A  74                 	db	116	;'t'
   358   00080B  78                 	db	120	;'x'
   359   00080C  74                 	db	116	;'t'
   360   00080D  3D                 	db	61	;'='
   361   00080E  22                 	db	34
   362   00080F  42                 	db	66	;'B'
   363   000810  55                 	db	85	;'U'
   364   000811  53                 	db	83	;'S'
   365   000812  54                 	db	84	;'T'
   366   000813  21                 	db	33
   367   000814  20                 	db	32
   368   000815  32                 	db	50	;'2'
   369   000816  31                 	db	49	;'1'
   370   000817  20                 	db	32
   371   000818  47                 	db	71	;'G'
   372   000819  45                 	db	69	;'E'
   373   00081A  43                 	db	67	;'C'
   374   00081B  54                 	db	84	;'T'
   375   00081C  49                 	db	73	;'I'
   376   00081D  22                 	db	34
   377   00081E  00                 	db	0
   378   00081F                     STR_11:
   379   00081F  74                 	db	116	;'t'
   380   000820  5F                 	db	95	;'_'
   381   000821  72                 	db	114	;'r'
   382   000822  65                 	db	101	;'e'
   383   000823  73                 	db	115	;'s'
   384   000824  75                 	db	117	;'u'
   385   000825  6C                 	db	108	;'l'
   386   000826  74                 	db	116	;'t'
   387   000827  2E                 	db	46
   388   000828  74                 	db	116	;'t'
   389   000829  78                 	db	120	;'x'
   390   00082A  74                 	db	116	;'t'
   391   00082B  3D                 	db	61	;'='
   392   00082C  22                 	db	34
   393   00082D  4B                 	db	75	;'K'
   394   00082E  41                 	db	65	;'A'
   395   00082F  59                 	db	89	;'Y'
   396   000830  42                 	db	66	;'B'
   397   000831  45                 	db	69	;'E'
   398   000832  54                 	db	84	;'T'
   399   000833  54                 	db	84	;'T'
   400   000834  49                 	db	73	;'I'
   401   000835  4E                 	db	78	;'N'
   402   000836  21                 	db	33
   403   000837  22                 	db	34
   404   000838  00                 	db	0
   405   000839                     STR_6:
   406   000839  74                 	db	116	;'t'
   407   00083A  5F                 	db	95	;'_'
   408   00083B  72                 	db	114	;'r'
   409   00083C  65                 	db	101	;'e'
   410   00083D  73                 	db	115	;'s'
   411   00083E  75                 	db	117	;'u'
   412   00083F  6C                 	db	108	;'l'
   413   000840  74                 	db	116	;'t'
   414   000841  2E                 	db	46
   415   000842  74                 	db	116	;'t'
   416   000843  78                 	db	120	;'x'
   417   000844  74                 	db	116	;'t'
   418   000845  3D                 	db	61	;'='
   419   000846  22                 	db	34
   420   000847  47                 	db	71	;'G'
   421   000848  41                 	db	65	;'A'
   422   000849  4D                 	db	77	;'M'
   423   00084A  45                 	db	69	;'E'
   424   00084B  20                 	db	32
   425   00084C  4F                 	db	79	;'O'
   426   00084D  56                 	db	86	;'V'
   427   00084E  45                 	db	69	;'E'
   428   00084F  52                 	db	82	;'R'
   429   000850  21                 	db	33
   430   000851  22                 	db	34
   431   000852  00                 	db	0
   432   000853                     STR_10:
   433   000853  74                 	db	116	;'t'
   434   000854  5F                 	db	95	;'_'
   435   000855  72                 	db	114	;'r'
   436   000856  65                 	db	101	;'e'
   437   000857  73                 	db	115	;'s'
   438   000858  75                 	db	117	;'u'
   439   000859  6C                 	db	108	;'l'
   440   00085A  74                 	db	116	;'t'
   441   00085B  2E                 	db	46
   442   00085C  74                 	db	116	;'t'
   443   00085D  78                 	db	120	;'x'
   444   00085E  74                 	db	116	;'t'
   445   00085F  3D                 	db	61	;'='
   446   000860  22                 	db	34
   447   000861  4B                 	db	75	;'K'
   448   000862  41                 	db	65	;'A'
   449   000863  5A                 	db	90	;'Z'
   450   000864  41                 	db	65	;'A'
   451   000865  4E                 	db	78	;'N'
   452   000866  44                 	db	68	;'D'
   453   000867  49                 	db	73	;'I'
   454   000868  4E                 	db	78	;'N'
   455   000869  21                 	db	33
   456   00086A  22                 	db	34
   457   00086B  00                 	db	0
   458   00086C                     STR_9:
   459   00086C  74                 	db	116	;'t'
   460   00086D  5F                 	db	95	;'_'
   461   00086E  64                 	db	100	;'d'
   462   00086F  65                 	db	101	;'e'
   463   000870  61                 	db	97	;'a'
   464   000871  6C                 	db	108	;'l'
   465   000872  65                 	db	101	;'e'
   466   000873  72                 	db	114	;'r'
   467   000874  2E                 	db	46
   468   000875  74                 	db	116	;'t'
   469   000876  78                 	db	120	;'x'
   470   000877  74                 	db	116	;'t'
   471   000878  3D                 	db	61	;'='
   472   000879  22                 	db	34
   473   00087A  25                 	db	37
   474   00087B  64                 	db	100	;'d'
   475   00087C  22                 	db	34
   476   00087D  00                 	db	0
   477   00087E                     STR_7:
   478   00087E  74                 	db	116	;'t'
   479   00087F  5F                 	db	95	;'_'
   480   000880  70                 	db	112	;'p'
   481   000881  6C                 	db	108	;'l'
   482   000882  61                 	db	97	;'a'
   483   000883  79                 	db	121	;'y'
   484   000884  65                 	db	101	;'e'
   485   000885  72                 	db	114	;'r'
   486   000886  2E                 	db	46
   487   000887  74                 	db	116	;'t'
   488   000888  78                 	db	120	;'x'
   489   000889  74                 	db	116	;'t'
   490   00088A  3D                 	db	61	;'='
   491   00088B  22                 	db	34
   492   00088C  25                 	db	37
   493   00088D  64                 	db	100	;'d'
   494   00088E  22                 	db	34
   495   00088F  00                 	db	0
   496   000890                     STR_4:
   497   000890  74                 	db	116	;'t'
   498   000891  5F                 	db	95	;'_'
   499   000892  64                 	db	100	;'d'
   500   000893  65                 	db	101	;'e'
   501   000894  61                 	db	97	;'a'
   502   000895  6C                 	db	108	;'l'
   503   000896  65                 	db	101	;'e'
   504   000897  72                 	db	114	;'r'
   505   000898  2E                 	db	46
   506   000899  74                 	db	116	;'t'
   507   00089A  78                 	db	120	;'x'
   508   00089B  74                 	db	116	;'t'
   509   00089C  3D                 	db	61	;'='
   510   00089D  22                 	db	34
   511   00089E  30                 	db	48	;'0'
   512   00089F  22                 	db	34
   513   0008A0  00                 	db	0
   514   0008A1                     STR_3:
   515   0008A1  74                 	db	116	;'t'
   516   0008A2  5F                 	db	95	;'_'
   517   0008A3  70                 	db	112	;'p'
   518   0008A4  6C                 	db	108	;'l'
   519   0008A5  61                 	db	97	;'a'
   520   0008A6  79                 	db	121	;'y'
   521   0008A7  65                 	db	101	;'e'
   522   0008A8  72                 	db	114	;'r'
   523   0008A9  2E                 	db	46
   524   0008AA  74                 	db	116	;'t'
   525   0008AB  78                 	db	120	;'x'
   526   0008AC  74                 	db	116	;'t'
   527   0008AD  3D                 	db	61	;'='
   528   0008AE  22                 	db	34
   529   0008AF  30                 	db	48	;'0'
   530   0008B0  22                 	db	34
   531   0008B1  00                 	db	0
   532   0008B2                     STR_5:
   533   0008B2  74                 	db	116	;'t'
   534   0008B3  5F                 	db	95	;'_'
   535   0008B4  72                 	db	114	;'r'
   536   0008B5  65                 	db	101	;'e'
   537   0008B6  73                 	db	115	;'s'
   538   0008B7  75                 	db	117	;'u'
   539   0008B8  6C                 	db	108	;'l'
   540   0008B9  74                 	db	116	;'t'
   541   0008BA  2E                 	db	46
   542   0008BB  74                 	db	116	;'t'
   543   0008BC  78                 	db	120	;'x'
   544   0008BD  74                 	db	116	;'t'
   545   0008BE  3D                 	db	61	;'='
   546   0008BF  22                 	db	34
   547   0008C0  22                 	db	34
   548   0008C1  00                 	db	0
   549   0008C2                     STR_2:
   550   0008C2  6E                 	db	110	;'n'
   551   0008C3  5F                 	db	95	;'_'
   552   0008C4  6C                 	db	108	;'l'
   553   0008C5  69                 	db	105	;'i'
   554   0008C6  76                 	db	118	;'v'
   555   0008C7  65                 	db	101	;'e'
   556   0008C8  73                 	db	115	;'s'
   557   0008C9  2E                 	db	46
   558   0008CA  76                 	db	118	;'v'
   559   0008CB  61                 	db	97	;'a'
   560   0008CC  6C                 	db	108	;'l'
   561   0008CD  3D                 	db	61	;'='
   562   0008CE  25                 	db	37
   563   0008CF  64                 	db	100	;'d'
   564   0008D0  00                 	db	0
   565   0008D1  70                 	db	112	;'p'
   566   0008D2  25                 	db	37
   567   0008D3  64                 	db	100	;'d'
   568   0008D4  2E                 	db	46
   569   0008D5  70                 	db	112	;'p'
   570   0008D6  69                 	db	105	;'i'
   571   0008D7  63                 	db	99	;'c'
   572   0008D8  3D                 	db	61	;'='
   573   0008D9  25                 	db	37
   574   0008DA  64                 	db	100	;'d'
   575   0008DB  00                 	db	0
   576   0008DC  00                 	db	0	; dummy byte at the end
   577   000800                     __smallconst    set	__psmallconst
   578   000800                     __mediumconst   set	__psmallconst
   579   000002                     __activetblptr  equ	2
   580                           
   581                           ; #config settings
   582                           
   583                           	psect	cinit
   584   00127C                     __pcinit:
   585                           	callstack 0
   586   00127C                     start_initialization:
   587                           	callstack 0
   588   00127C                     __initialization:
   589                           	callstack 0
   590                           
   591                           ; Initialize objects allocated to BANK0 (17 bytes)
   592                           ; load TBLPTR registers with __pidataBANK0
   593   00127C  0EDA               	movlw	low __pidataBANK0
   594   00127E  6EF6               	movwf	tblptrl,c
   595   001280  0E13               	movlw	high __pidataBANK0
   596   001282  6EF7               	movwf	tblptrh,c
   597   001284  0E00               	movlw	low (__pidataBANK0 shr (0+16))
   598   001286  6EF8               	movwf	tblptru,c
   599   001288  EE00  F0CC         	lfsr	0,__pdataBANK0
   600   00128C  EE10 F011          	lfsr	1,17
   601   001290                     copy_data0:
   602   001290  0009               	tblrd		*+
   603   001292  CFF5 FFEE          	movff	tablat,postinc0
   604   001296  50E5               	movf	postdec1,w,c
   605   001298  50E1               	movf	fsr1l,w,c
   606   00129A  E1FA               	bnz	copy_data0
   607                           
   608                           ; Initialize objects allocated to COMRAM (1 bytes)
   609                           ; load TBLPTR registers with __pidataCOMRAM
   610   00129C  0EEE               	movlw	low __pidataCOMRAM
   611   00129E  6EF6               	movwf	tblptrl,c
   612   0012A0  0E13               	movlw	high __pidataCOMRAM
   613   0012A2  6EF7               	movwf	tblptrh,c
   614   0012A4  0E00               	movlw	low (__pidataCOMRAM shr (0+16))
   615   0012A6  6EF8               	movwf	tblptru,c
   616   0012A8  0009               	tblrd		*+	;fetch initializer
   617   0012AA  CFF5 F05C          	movff	tablat,__pdataCOMRAM
   618                           
   619                           ; Clear objects allocated to BANK0 (34 bytes)
   620   0012AE  EE00  F0AA         	lfsr	0,__pbssBANK0
   621   0012B2  0E22               	movlw	34
   622   0012B4                     clear_0:
   623   0012B4  6AEE               	clrf	postinc0,c
   624   0012B6  06E8               	decf	wreg,f,c
   625   0012B8  E1FD               	bnz	clear_0
   626                           
   627                           ; Clear objects allocated to COMRAM (7 bytes)
   628   0012BA  EE00  F055         	lfsr	0,__pbssCOMRAM
   629   0012BE  0E07               	movlw	7
   630   0012C0                     clear_1:
   631   0012C0  6AEE               	clrf	postinc0,c
   632   0012C2  06E8               	decf	wreg,f,c
   633   0012C4  E1FD               	bnz	clear_1
   634   0012C6                     end_of_initialization:
   635                           	callstack 0
   636   0012C6                     __end_of__initialization:
   637                           	callstack 0
   638   0012C6  9001               	bcf	int$flags,0,c	;clear compiler interrupt flag (level 1)
   639   0012C8  9201               	bcf	int$flags,1,c	;clear compiler interrupt flag (level 2)
   640   0012CA  0E00               	movlw	low (__Lmediumconst shr (0+16))
   641   0012CC  6EF8               	movwf	tblptru,c
   642   0012CE  0100               	movlb	0
   643   0012D0  EF6F  F004         	goto	_main	;jump to C main() function
   644                           
   645                           	psect	bssCOMRAM
   646   000055                     __pbssCOMRAM:
   647                           	callstack 0
   648   000055                     _width:
   649                           	callstack 0
   650   000055                     	ds	2
   651   000057                     _prec:
   652                           	callstack 0
   653   000057                     	ds	2
   654   000059                     ISR@c:
   655                           	callstack 0
   656   000059                     	ds	2
   657   00005B                     _flags:
   658                           	callstack 0
   659   00005B                     	ds	1
   660                           
   661                           	psect	dataCOMRAM
   662   00005C                     __pdataCOMRAM:
   663                           	callstack 0
   664   00005C                     _servo_pos:
   665                           	callstack 0
   666   00005C                     	ds	1
   667                           
   668                           	psect	bssBANK0
   669   0000AA                     __pbssBANK0:
   670                           	callstack 0
   671   0000AA                     _dbuf:
   672                           	callstack 0
   673   0000AA                     	ds	32
   674   0000CA                     _d_score:
   675                           	callstack 0
   676   0000CA                     	ds	1
   677   0000CB                     _p_score:
   678                           	callstack 0
   679   0000CB                     	ds	1
   680                           
   681                           	psect	dataBANK0
   682   0000CC                     __pdataBANK0:
   683                           	callstack 0
   684   0000CC                     Get_Key@F3669:
   685                           	callstack 0
   686   0000CC                     	ds	16
   687   0000DC                     _lives:
   688                           	callstack 0
   689   0000DC                     	ds	1
   690                           
   691                           	psect	cstackBANK0
   692   000060                     __pcstackBANK0:
   693                           	callstack 0
   694   000060                     ??_main:
   695                           
   696                           ; 1 bytes @ 0x0
   697   000060                     	ds	2
   698   000062                     main@cmd:
   699                           	callstack 0
   700                           
   701                           ; 32 bytes @ 0x2
   702   000062                     	ds	32
   703   000082                     main@cmd_422:
   704                           	callstack 0
   705                           
   706                           ; 32 bytes @ 0x22
   707   000082                     	ds	32
   708   0000A2                     main@points:
   709                           	callstack 0
   710                           
   711                           ; 1 bytes @ 0x42
   712   0000A2                     	ds	1
   713   0000A3                     _main$415:
   714                           	callstack 0
   715                           
   716                           ; 2 bytes @ 0x43
   717   0000A3                     	ds	2
   718   0000A5                     _main$421:
   719                           	callstack 0
   720                           
   721                           ; 2 bytes @ 0x45
   722   0000A5                     	ds	2
   723   0000A7                     main@k:
   724                           	callstack 0
   725                           
   726                           ; 1 bytes @ 0x47
   727   0000A7                     	ds	1
   728   0000A8                     main@raw_card:
   729                           	callstack 0
   730                           
   731                           ; 1 bytes @ 0x48
   732   0000A8                     	ds	1
   733   0000A9                     main@d_raw:
   734                           	callstack 0
   735                           
   736                           ; 1 bytes @ 0x49
   737   0000A9                     	ds	1
   738                           
   739                           	psect	cstackCOMRAM
   740   000002                     __pcstackCOMRAM:
   741                           	callstack 0
   742   000002                     ??_ISR:
   743                           
   744                           ; 1 bytes @ 0x0
   745   000002                     	ds	3
   746   000005                     ?___awdiv:
   747                           	callstack 0
   748   000005                     ?___lmul:
   749                           	callstack 0
   750   000005                     Next_Send@cmd:
   751                           	callstack 0
   752   000005                     ___awdiv@dividend:
   753                           	callstack 0
   754   000005                     fputc@c:
   755                           	callstack 0
   756   000005                     srand@s:
   757                           	callstack 0
   758   000005                     ___lmul@multiplier:
   759                           	callstack 0
   760   000005                     ??_Get_Key:
   761                           
   762                           ; 1 bytes @ 0x3
   763   000005                     	ds	2
   764   000007                     fputc@fp:
   765                           	callstack 0
   766   000007                     Next_Send@i:
   767                           	callstack 0
   768   000007                     ___awdiv@divisor:
   769                           	callstack 0
   770   000007                     Get_Key@keys:
   771                           	callstack 0
   772   000007                     ??_srand:
   773   000007                     
   774                           ; 1 bytes @ 0x5
   775   000007                     	ds	1
   776   000008                     ??_fputc:
   777                           
   778                           ; 1 bytes @ 0x6
   779   000008                     	ds	1
   780   000009                     ___awdiv@counter:
   781                           	callstack 0
   782   000009                     ___lmul@multiplicand:
   783                           	callstack 0
   784   000009                     
   785                           ; 1 bytes @ 0x7
   786   000009                     	ds	1
   787   00000A                     ___awdiv@sign:
   788                           	callstack 0
   789                           
   790                           ; 1 bytes @ 0x8
   791   00000A                     	ds	1
   792   00000B                     ___awdiv@quotient:
   793                           	callstack 0
   794                           
   795                           ; 2 bytes @ 0x9
   796   00000B                     	ds	2
   797   00000D                     ___lmul@product:
   798                           	callstack 0
   799   00000D                     
   800                           ; 1 bytes @ 0xB
   801   00000D                     	ds	4
   802   000011                     ?_rand:
   803                           	callstack 0
   804                           
   805                           ; 2 bytes @ 0xF
   806   000011                     	ds	2
   807   000013                     ??_rand:
   808                           
   809                           ; 1 bytes @ 0x11
   810   000013                     	ds	4
   811   000017                     ?___awmod:
   812                           	callstack 0
   813   000017                     Get_Key@r:
   814                           	callstack 0
   815   000017                     ___awmod@dividend:
   816                           	callstack 0
   817                           
   818                           ; 2 bytes @ 0x15
   819   000017                     	ds	2
   820   000019                     ___awmod@divisor:
   821                           	callstack 0
   822                           
   823                           ; 2 bytes @ 0x17
   824   000019                     	ds	2
   825   00001B                     ___awmod@counter:
   826                           	callstack 0
   827   00001B                     
   828                           ; 1 bytes @ 0x19
   829   00001B                     	ds	1
   830   00001C                     ___awmod@sign:
   831                           	callstack 0
   832                           
   833                           ; 1 bytes @ 0x1A
   834   00001C                     	ds	1
   835   00001D                     ?_abs:
   836                           	callstack 0
   837   00001D                     abs@a:
   838                           	callstack 0
   839                           
   840                           ; 2 bytes @ 0x1B
   841   00001D                     	ds	2
   842   00001F                     ??_abs:
   843                           
   844                           ; 1 bytes @ 0x1D
   845   00001F                     	ds	2
   846   000021                     vfpfcnvrt@fp:
   847                           	callstack 0
   848                           
   849                           ; 1 bytes @ 0x1F
   850   000021                     	ds	1
   851   000022                     vfpfcnvrt@fmt:
   852                           	callstack 0
   853                           
   854                           ; 1 bytes @ 0x20
   855   000022                     	ds	1
   856   000023                     vfpfcnvrt@ap:
   857                           	callstack 0
   858                           
   859                           ; 1 bytes @ 0x21
   860   000023                     	ds	1
   861   000024                     ??_vfpfcnvrt:
   862                           
   863                           ; 1 bytes @ 0x22
   864   000024                     	ds	1
   865   000025                     vfpfcnvrt@done:
   866                           	callstack 0
   867                           
   868                           ; 1 bytes @ 0x23
   869   000025                     	ds	1
   870   000026                     vfpfcnvrt@cp:
   871                           	callstack 0
   872                           
   873                           ; 1 bytes @ 0x24
   874   000026                     	ds	1
   875   000027                     vfpfcnvrt@convarg:
   876                           	callstack 0
   877                           
   878                           ; 4 bytes @ 0x25
   879   000027                     	ds	4
   880   00002B                     vfpfcnvrt@c:
   881                           	callstack 0
   882                           
   883                           ; 1 bytes @ 0x29
   884   00002B                     	ds	1
   885   00002C                     ?_vfprintf:
   886                           	callstack 0
   887   00002C                     vfprintf@fp:
   888                           	callstack 0
   889                           
   890                           ; 1 bytes @ 0x2A
   891   00002C                     	ds	1
   892   00002D                     vfprintf@fmt:
   893                           	callstack 0
   894                           
   895                           ; 1 bytes @ 0x2B
   896   00002D                     	ds	1
   897   00002E                     vfprintf@ap:
   898                           	callstack 0
   899                           
   900                           ; 1 bytes @ 0x2C
   901   00002E                     	ds	1
   902   00002F                     vfprintf@cfmt:
   903                           	callstack 0
   904   00002F                     
   905                           ; 1 bytes @ 0x2D
   906   00002F                     	ds	1
   907   000030                     ?_sprintf:
   908                           	callstack 0
   909   000030                     sprintf@s:
   910                           	callstack 0
   911                           
   912                           ; 1 bytes @ 0x2E
   913   000030                     	ds	1
   914   000031                     sprintf@fmt:
   915                           	callstack 0
   916                           
   917                           ; 1 bytes @ 0x2F
   918   000031                     	ds	5
   919   000036                     sprintf@ap:
   920                           	callstack 0
   921   000036                     
   922                           ; 1 bytes @ 0x34
   923   000036                     	ds	1
   924   000037                     sprintf@f:
   925                           	callstack 0
   926                           
   927                           ; 11 bytes @ 0x35
   928   000037                     	ds	11
   929   000042                     ??_Penalty:
   930                           
   931                           ; 1 bytes @ 0x40
   932   000042                     	ds	3
   933   000045                     Penalty@l_cmd:
   934                           	callstack 0
   935                           
   936                           ; 16 bytes @ 0x43
   937   000045                     	ds	16
   938                           
   939 ;;
   940 ;;Main: autosize = 0, tempsize = 2, incstack = 0, save=0
   941 ;;
   942 ;; *************** function _main *****************
   943 ;; Defined at:
   944 ;;		line 146 in file "blackjack.c"
   945 ;; Parameters:    Size  Location     Type
   946 ;;		None
   947 ;; Auto vars:     Size  Location     Type
   948 ;;  d_raw           1   73[BANK0 ] unsigned char 
   949 ;;  cmd            32   34[BANK0 ] unsigned char [32]
   950 ;;  cmd            32    2[BANK0 ] unsigned char [32]
   951 ;;  raw_card        1   72[BANK0 ] unsigned char 
   952 ;;  points          1   66[BANK0 ] unsigned char 
   953 ;;  k               1   71[BANK0 ] unsigned char 
   954 ;; Return value:  Size  Location     Type
   955 ;;                  1    wreg      void 
   956 ;; Registers used:
   957 ;;		wreg, fsr1l, fsr1h, fsr2l, fsr2h, status,2, status,0, tblptrl, tblptrh, tblptru, prodl, prodh, cstack
   958 ;; Tracked objects:
   959 ;;		On entry : 0/0
   960 ;;		On exit  : 0/0
   961 ;;		Unchanged: 0/0
   962 ;; Data sizes:     COMRAM   BANK0   BANK1   BANK2   BANK3   BANK4   BANK5   BANK6   BANK7
   963 ;;      Params:         0       0       0       0       0       0       0       0       0
   964 ;;      Locals:         0      72       0       0       0       0       0       0       0
   965 ;;      Temps:          0       2       0       0       0       0       0       0       0
   966 ;;      Totals:         0      74       0       0       0       0       0       0       0
   967 ;;Total ram usage:       74 bytes
   968 ;; Hardware stack levels required when called: 7
   969 ;; This function calls:
   970 ;;		_Get_Key
   971 ;;		_Next_Send
   972 ;;		_Penalty
   973 ;;		_Reset_Round
   974 ;;		_UART_Init
   975 ;;		___awmod
   976 ;;		_rand
   977 ;;		_sprintf
   978 ;;		_srand
   979 ;; This function is called by:
   980 ;;		Startup code after reset
   981 ;; This function uses a non-reentrant model
   982 ;;
   983                           
   984                           	psect	text0
   985   0008DE                     __ptext0:
   986                           	callstack 0
   987   0008DE                     _main:
   988                           	callstack 24
   989   0008DE                     
   990                           ;blackjack.c: 147:     TRISB = 0xF0; INTCON2bits.RBPU = 0;
   991   0008DE  0EF0               	movlw	240
   992   0008E0  6E93               	movwf	147,c	;volatile
   993   0008E2  9EF1               	bcf	241,7,c	;volatile
   994   0008E4                     
   995                           ;blackjack.c: 148:     TRISCbits.TRISC1 = 0; TRISCbits.TRISC2 = 0; TRISD &= 0xF8;
   996   0008E4  9294               	bcf	148,1,c	;volatile
   997   0008E6  9494               	bcf	148,2,c	;volatile
   998   0008E8  0EF8               	movlw	248
   999   0008EA  1695               	andwf	149,f,c	;volatile
  1000   0008EC                     
  1001                           ;blackjack.c: 149:     UART_Init();
  1002   0008EC  ECE4  F009         	call	_UART_Init	;wreg free
  1003   0008F0                     
  1004                           ;blackjack.c: 150:     T1CON = 0x01; PIE1bits.TMR1IE = 1; INTCONbits.GIE = 1; INTCONbits
      +                          .PEIE = 1;
  1005   0008F0  0E01               	movlw	1
  1006   0008F2  6ECD               	movwf	205,c	;volatile
  1007   0008F4  809D               	bsf	157,0,c	;volatile
  1008   0008F6  8EF2               	bsf	242,7,c	;volatile
  1009   0008F8  8CF2               	bsf	242,6,c	;volatile
  1010   0008FA                     
  1011                           ;blackjack.c: 152:     srand(500);
  1012   0008FA  0E01               	movlw	1
  1013   0008FC  6E06               	movwf	(srand@s+1)^0,c
  1014   0008FE  0EF4               	movlw	244
  1015   000900  6E05               	movwf	srand@s^0,c
  1016   000902  ECD6  F009         	call	_srand	;wreg free
  1017   000906                     
  1018                           ;blackjack.c: 153:     _delay((unsigned long)((500)*(20000000/4000.0)));
  1019   000906  0E0D               	movlw	13
  1020   000908  0100               	movlb	0	; () banked
  1021   00090A  6F61               	movwf	(??_main+1)& (0+255),b
  1022   00090C  0EAF               	movlw	175
  1023   00090E  6F60               	movwf	??_main& (0+255),b
  1024   000910  0EB6               	movlw	182
  1025   000912                     u1257:
  1026   000912  2EE8               	decfsz	wreg,f,c
  1027   000914  D7FE               	bra	u1257
  1028   000916  2F60               	decfsz	??_main& (0+255),f,b
  1029   000918  D7FC               	bra	u1257
  1030   00091A  2F61               	decfsz	(??_main+1)& (0+255),f,b
  1031   00091C  D7FA               	bra	u1257
  1032   00091E  0000               	nop	
  1033   000920                     l1821:
  1034                           
  1035                           ;blackjack.c: 154:     Reset_Round();
  1036   000920  EC88  F009         	call	_Reset_Round	;wreg free
  1037   000924                     l1823:
  1038                           
  1039                           ;blackjack.c: 158:         if(lives == 0) {
  1040   000924  0100               	movlb	0	; () banked
  1041   000926  51DC               	movf	_lives& (0+255),w,b
  1042   000928  A4D8               	btfss	status,2,c
  1043   00092A  EF99  F004         	goto	u1151
  1044   00092E  EF9B  F004         	goto	u1150
  1045   000932                     u1151:
  1046   000932  EFB4  F004         	goto	l1833
  1047   000936                     u1150:
  1048   000936                     
  1049                           ; BSR set to: 0
  1050                           ;blackjack.c: 159:             Next_Send("t_result.txt=\"GAME OVER!\"");
  1051   000936  0E39               	movlw	low STR_6
  1052   000938  6E05               	movwf	Next_Send@cmd^0,c
  1053   00093A  5005               	movf	Next_Send@cmd^0,w,c
  1054   00093C  A4D8               	btfss	status,2,c
  1055   00093E  0E08               	movlw	high __smallconst
  1056   000940  6E06               	movwf	(Next_Send@cmd+1)^0,c
  1057   000942  EC00  F008         	call	_Next_Send	;wreg free
  1058   000946                     l1827:
  1059   000946  EC73  F006         	call	_Get_Key	;wreg free
  1060   00094A  0A43               	xorlw	67
  1061   00094C  A4D8               	btfss	status,2,c
  1062   00094E  EFAB  F004         	goto	u1161
  1063   000952  EFAD  F004         	goto	u1160
  1064   000956                     u1161:
  1065   000956  EFA3  F004         	goto	l1827
  1066   00095A                     u1160:
  1067   00095A                     
  1068                           ;blackjack.c: 161:             lives = 3;
  1069   00095A  0E03               	movlw	3
  1070   00095C  0100               	movlb	0	; () banked
  1071   00095E  6FDC               	movwf	_lives& (0+255),b
  1072                           
  1073                           ;blackjack.c: 162:             LATD = 0x07;
  1074   000960  0E07               	movlw	7
  1075   000962  6E8C               	movwf	140,c	;volatile
  1076   000964                     
  1077                           ; BSR set to: 0
  1078                           ;blackjack.c: 163:             Reset_Round();
  1079   000964  EC88  F009         	call	_Reset_Round	;wreg free
  1080   000968                     l1833:
  1081                           
  1082                           ;blackjack.c: 166:         char k = Get_Key();
  1083   000968  EC73  F006         	call	_Get_Key	;wreg free
  1084   00096C  0100               	movlb	0	; () banked
  1085   00096E  6FA7               	movwf	main@k& (0+255),b
  1086   000970                     
  1087                           ; BSR set to: 0
  1088                           ;blackjack.c: 167:         if(k == '7') {
  1089   000970  0E37               	movlw	55
  1090   000972  19A7               	xorwf	main@k& (0+255),w,b
  1091   000974  A4D8               	btfss	status,2,c
  1092   000976  EFBF  F004         	goto	u1171
  1093   00097A  EFC1  F004         	goto	u1170
  1094   00097E                     u1171:
  1095   00097E  EF22  F005         	goto	l1865
  1096   000982                     u1170:
  1097   000982                     
  1098                           ; BSR set to: 0
  1099                           ;blackjack.c: 168:             uint8_t raw_card = (rand() % 13) + 1;
  1100   000982  EC9C  F008         	call	_rand	;wreg free
  1101   000986  C011  F017         	movff	?_rand,___awmod@dividend
  1102   00098A  C012  F018         	movff	?_rand+1,___awmod@dividend+1
  1103   00098E  6A1A               	clrf	(___awmod@divisor+1)^0,c
  1104   000990  0E0D               	movlw	13
  1105   000992  6E19               	movwf	___awmod@divisor^0,c
  1106   000994  EC54  F007         	call	___awmod	;wreg free
  1107   000998  2817               	incf	?___awmod^0,w,c
  1108   00099A  0100               	movlb	0	; () banked
  1109   00099C  6FA8               	movwf	main@raw_card& (0+255),b
  1110   00099E                     
  1111                           ; BSR set to: 0
  1112                           ;blackjack.c: 169:             uint8_t points = (raw_card > 10) ? 10 : raw_card;
  1113   00099E  0E0B               	movlw	11
  1114   0009A0  61A8               	cpfslt	main@raw_card& (0+255),b
  1115   0009A2  EFD5  F004         	goto	u1181
  1116   0009A6  EFD7  F004         	goto	u1180
  1117   0009AA                     u1181:
  1118   0009AA  EFDC  F004         	goto	l1843
  1119   0009AE                     u1180:
  1120   0009AE                     
  1121                           ; BSR set to: 0
  1122   0009AE  C0A8  F0A3         	movff	main@raw_card,_main$415
  1123   0009B2  6BA4               	clrf	(_main$415+1)& (0+255),b
  1124   0009B4  EFDF  F004         	goto	l1845
  1125   0009B8                     l1843:
  1126                           
  1127                           ; BSR set to: 0
  1128   0009B8  6BA4               	clrf	(_main$415+1)& (0+255),b
  1129   0009BA  0E0A               	movlw	10
  1130   0009BC  6FA3               	movwf	_main$415& (0+255),b
  1131   0009BE                     l1845:
  1132                           
  1133                           ; BSR set to: 0
  1134   0009BE  C0A3  F0A2         	movff	_main$415,main@points
  1135   0009C2                     
  1136                           ; BSR set to: 0
  1137                           ;blackjack.c: 170:             p_score += points;
  1138   0009C2  51A2               	movf	main@points& (0+255),w,b
  1139   0009C4  27CB               	addwf	_p_score& (0+255),f,b
  1140   0009C6                     
  1141                           ; BSR set to: 0
  1142                           ;blackjack.c: 173:             char cmd[32];;blackjack.c: 174:             sprintf(cmd, 
      +                          "t_player.txt=\"%d\"", p_score);
  1143   0009C6  0E62               	movlw	low main@cmd
  1144   0009C8  6E30               	movwf	sprintf@s^0,c
  1145   0009CA  0E7E               	movlw	low STR_7
  1146   0009CC  6E31               	movwf	sprintf@fmt^0,c
  1147   0009CE  C0CB  F032         	movff	_p_score,?_sprintf+2
  1148   0009D2  6A33               	clrf	(?_sprintf+3)^0,c
  1149   0009D4  ECBE  F009         	call	_sprintf	;wreg free
  1150   0009D8                     
  1151                           ;blackjack.c: 175:             Next_Send(cmd);
  1152   0009D8  0E62               	movlw	low main@cmd
  1153   0009DA  6E05               	movwf	Next_Send@cmd^0,c
  1154   0009DC  6A06               	clrf	(Next_Send@cmd+1)^0,c
  1155   0009DE  EC00  F008         	call	_Next_Send	;wreg free
  1156   0009E2                     
  1157                           ;blackjack.c: 177:             if(p_score > 21) {
  1158   0009E2  0E15               	movlw	21
  1159   0009E4  0100               	movlb	0	; () banked
  1160   0009E6  65CB               	cpfsgt	_p_score& (0+255),b
  1161   0009E8  EFF8  F004         	goto	u1191
  1162   0009EC  EFFA  F004         	goto	u1190
  1163   0009F0                     u1191:
  1164   0009F0  EF13  F005         	goto	l1863
  1165   0009F4                     u1190:
  1166   0009F4                     
  1167                           ; BSR set to: 0
  1168                           ;blackjack.c: 178:                 Next_Send("t_result.txt=\"BUST! 21 GECTI\"");
  1169   0009F4  0E01               	movlw	low STR_8
  1170   0009F6  6E05               	movwf	Next_Send@cmd^0,c
  1171   0009F8  5005               	movf	Next_Send@cmd^0,w,c
  1172   0009FA  A4D8               	btfss	status,2,c
  1173   0009FC  0E08               	movlw	high __smallconst
  1174   0009FE  6E06               	movwf	(Next_Send@cmd+1)^0,c
  1175   000A00  EC00  F008         	call	_Next_Send	;wreg free
  1176   000A04                     
  1177                           ;blackjack.c: 179:                 Penalty();
  1178   000A04  EC50  F008         	call	_Penalty	;wreg free
  1179   000A08                     
  1180                           ;blackjack.c: 180:                 _delay((unsigned long)((2000)*(20000000/4000.0)));
  1181   000A08  0E33               	movlw	51
  1182   000A0A  0100               	movlb	0	; () banked
  1183   000A0C  6F61               	movwf	(??_main+1)& (0+255),b
  1184   000A0E  0EBB               	movlw	187
  1185   000A10  6F60               	movwf	??_main& (0+255),b
  1186   000A12  0EDF               	movlw	223
  1187   000A14                     u1267:
  1188   000A14  2EE8               	decfsz	wreg,f,c
  1189   000A16  D7FE               	bra	u1267
  1190   000A18  2F60               	decfsz	??_main& (0+255),f,b
  1191   000A1A  D7FC               	bra	u1267
  1192   000A1C  2F61               	decfsz	(??_main+1)& (0+255),f,b
  1193   000A1E  D7FA               	bra	u1267
  1194   000A20  D000               	nop2	
  1195   000A22                     
  1196                           ;blackjack.c: 181:                 Reset_Round();
  1197   000A22  EC88  F009         	call	_Reset_Round	;wreg free
  1198   000A26                     l1863:
  1199                           
  1200                           ;blackjack.c: 183:             _delay((unsigned long)((300)*(20000000/4000.0)));
  1201   000A26  0E08               	movlw	8
  1202   000A28  0100               	movlb	0	; () banked
  1203   000A2A  6F61               	movwf	(??_main+1)& (0+255),b
  1204   000A2C  0E9D               	movlw	157
  1205   000A2E  6F60               	movwf	??_main& (0+255),b
  1206   000A30  0E05               	movlw	5
  1207   000A32                     u1277:
  1208   000A32  2EE8               	decfsz	wreg,f,c
  1209   000A34  D7FE               	bra	u1277
  1210   000A36  2F60               	decfsz	??_main& (0+255),f,b
  1211   000A38  D7FC               	bra	u1277
  1212   000A3A  2F61               	decfsz	(??_main+1)& (0+255),f,b
  1213   000A3C  D7FA               	bra	u1277
  1214   000A3E  D000               	nop2	
  1215                           
  1216                           ;blackjack.c: 184:         }
  1217   000A40  EF92  F004         	goto	l1823
  1218   000A44                     l1865:
  1219                           
  1220                           ; BSR set to: 0
  1221   000A44  0E38               	movlw	56
  1222   000A46  19A7               	xorwf	main@k& (0+255),w,b
  1223   000A48  A4D8               	btfss	status,2,c
  1224   000A4A  EF29  F005         	goto	u1201
  1225   000A4E  EF2B  F005         	goto	u1200
  1226   000A52                     u1201:
  1227   000A52  EF92  F004         	goto	l1823
  1228   000A56                     u1200:
  1229   000A56  EF4D  F005         	goto	l1879
  1230   000A5A                     l1869:
  1231                           
  1232                           ; BSR set to: 0
  1233                           ;blackjack.c: 187:                 uint8_t d_raw = (rand() % 13) + 1;
  1234   000A5A  EC9C  F008         	call	_rand	;wreg free
  1235   000A5E  C011  F017         	movff	?_rand,___awmod@dividend
  1236   000A62  C012  F018         	movff	?_rand+1,___awmod@dividend+1
  1237   000A66  6A1A               	clrf	(___awmod@divisor+1)^0,c
  1238   000A68  0E0D               	movlw	13
  1239   000A6A  6E19               	movwf	___awmod@divisor^0,c
  1240   000A6C  EC54  F007         	call	___awmod	;wreg free
  1241   000A70  2817               	incf	?___awmod^0,w,c
  1242   000A72  0100               	movlb	0	; () banked
  1243   000A74  6FA9               	movwf	main@d_raw& (0+255),b
  1244   000A76                     
  1245                           ; BSR set to: 0
  1246                           ;blackjack.c: 188:                 d_score += (d_raw > 10) ? 10 : d_raw;
  1247   000A76  0E0B               	movlw	11
  1248   000A78  61A9               	cpfslt	main@d_raw& (0+255),b
  1249   000A7A  EF41  F005         	goto	u1211
  1250   000A7E  EF43  F005         	goto	u1210
  1251   000A82                     u1211:
  1252   000A82  EF48  F005         	goto	l1875
  1253   000A86                     u1210:
  1254   000A86                     
  1255                           ; BSR set to: 0
  1256   000A86  C0A9  F0A5         	movff	main@d_raw,_main$421
  1257   000A8A  6BA6               	clrf	(_main$421+1)& (0+255),b
  1258   000A8C  EF4B  F005         	goto	l1877
  1259   000A90                     l1875:
  1260                           
  1261                           ; BSR set to: 0
  1262   000A90  6BA6               	clrf	(_main$421+1)& (0+255),b
  1263   000A92  0E0A               	movlw	10
  1264   000A94  6FA5               	movwf	_main$421& (0+255),b
  1265   000A96                     l1877:
  1266                           
  1267                           ; BSR set to: 0
  1268   000A96  51A5               	movf	_main$421& (0+255),w,b
  1269   000A98  27CA               	addwf	_d_score& (0+255),f,b
  1270   000A9A                     l1879:
  1271                           
  1272                           ; BSR set to: 0
  1273                           ;blackjack.c: 186:             while(d_score < 17) {
  1274   000A9A  0E10               	movlw	16
  1275   000A9C  65CA               	cpfsgt	_d_score& (0+255),b
  1276   000A9E  EF53  F005         	goto	u1221
  1277   000AA2  EF55  F005         	goto	u1220
  1278   000AA6                     u1221:
  1279   000AA6  EF2D  F005         	goto	l1869
  1280   000AAA                     u1220:
  1281   000AAA                     
  1282                           ; BSR set to: 0
  1283                           ;blackjack.c: 192:             char cmd[32];;blackjack.c: 193:             sprintf(cmd, 
      +                          "t_dealer.txt=\"%d\"", d_score);
  1284   000AAA  0E82               	movlw	low main@cmd_422
  1285   000AAC  6E30               	movwf	sprintf@s^0,c
  1286   000AAE  0E6C               	movlw	low STR_9
  1287   000AB0  6E31               	movwf	sprintf@fmt^0,c
  1288   000AB2  C0CA  F032         	movff	_d_score,?_sprintf+2
  1289   000AB6  6A33               	clrf	(?_sprintf+3)^0,c
  1290   000AB8  ECBE  F009         	call	_sprintf	;wreg free
  1291   000ABC                     
  1292                           ;blackjack.c: 194:             Next_Send(cmd);
  1293   000ABC  0E82               	movlw	low main@cmd_422
  1294   000ABE  6E05               	movwf	Next_Send@cmd^0,c
  1295   000AC0  6A06               	clrf	(Next_Send@cmd+1)^0,c
  1296   000AC2  EC00  F008         	call	_Next_Send	;wreg free
  1297   000AC6                     
  1298                           ;blackjack.c: 197:             if(d_score > 21 || p_score > d_score) {
  1299   000AC6  0E16               	movlw	22
  1300   000AC8  0100               	movlb	0	; () banked
  1301   000ACA  61CA               	cpfslt	_d_score& (0+255),b
  1302   000ACC  EF6A  F005         	goto	u1231
  1303   000AD0  EF6C  F005         	goto	u1230
  1304   000AD4                     u1231:
  1305   000AD4  EF75  F005         	goto	l1889
  1306   000AD8                     u1230:
  1307   000AD8                     
  1308                           ; BSR set to: 0
  1309   000AD8  51CB               	movf	_p_score& (0+255),w,b
  1310   000ADA  5DCA               	subwf	_d_score& (0+255),w,b
  1311   000ADC  B0D8               	btfsc	status,0,c
  1312   000ADE  EF73  F005         	goto	u1241
  1313   000AE2  EF75  F005         	goto	u1240
  1314   000AE6                     u1241:
  1315   000AE6  EF7F  F005         	goto	l1891
  1316   000AEA                     u1240:
  1317   000AEA                     l1889:
  1318                           
  1319                           ; BSR set to: 0
  1320                           ;blackjack.c: 198:                 Next_Send("t_result.txt=\"KAZANDIN!\"");
  1321   000AEA  0E53               	movlw	low STR_10
  1322   000AEC  6E05               	movwf	Next_Send@cmd^0,c
  1323   000AEE  5005               	movf	Next_Send@cmd^0,w,c
  1324   000AF0  A4D8               	btfss	status,2,c
  1325   000AF2  0E08               	movlw	high __smallconst
  1326   000AF4  6E06               	movwf	(Next_Send@cmd+1)^0,c
  1327   000AF6  EC00  F008         	call	_Next_Send	;wreg free
  1328                           
  1329                           ;blackjack.c: 199:             } else {
  1330   000AFA  EF89  F005         	goto	l1895
  1331   000AFE                     l1891:
  1332                           
  1333                           ; BSR set to: 0
  1334                           ;blackjack.c: 200:                 Next_Send("t_result.txt=\"KAYBETTIN!\"");
  1335   000AFE  0E1F               	movlw	low STR_11
  1336   000B00  6E05               	movwf	Next_Send@cmd^0,c
  1337   000B02  5005               	movf	Next_Send@cmd^0,w,c
  1338   000B04  A4D8               	btfss	status,2,c
  1339   000B06  0E08               	movlw	high __smallconst
  1340   000B08  6E06               	movwf	(Next_Send@cmd+1)^0,c
  1341   000B0A  EC00  F008         	call	_Next_Send	;wreg free
  1342   000B0E                     
  1343                           ;blackjack.c: 201:                 Penalty();
  1344   000B0E  EC50  F008         	call	_Penalty	;wreg free
  1345   000B12                     l1895:
  1346                           
  1347                           ;blackjack.c: 203:             _delay((unsigned long)((3000)*(20000000/4000.0)));
  1348   000B12  0E4D               	movlw	77
  1349   000B14  0100               	movlb	0	; () banked
  1350   000B16  6F61               	movwf	(??_main+1)& (0+255),b
  1351   000B18  0E19               	movlw	25
  1352   000B1A  6F60               	movwf	??_main& (0+255),b
  1353   000B1C  0E4F               	movlw	79
  1354   000B1E                     u1287:
  1355   000B1E  2EE8               	decfsz	wreg,f,c
  1356   000B20  D7FE               	bra	u1287
  1357   000B22  2F60               	decfsz	??_main& (0+255),f,b
  1358   000B24  D7FC               	bra	u1287
  1359   000B26  2F61               	decfsz	(??_main+1)& (0+255),f,b
  1360   000B28  D7FA               	bra	u1287
  1361   000B2A  D000               	nop2	
  1362   000B2C  EF90  F004         	goto	l1821
  1363   000B30  EF07  F000         	goto	start
  1364   000B34                     __end_of_main:
  1365                           	callstack 0
  1366                           
  1367 ;; *************** function _srand *****************
  1368 ;; Defined at:
  1369 ;;		line 6 in file "C:\Program Files\Microchip\xc8\v3.10\pic\sources\c99\common\rand.c"
  1370 ;; Parameters:    Size  Location     Type
  1371 ;;  s               2    3[COMRAM] unsigned int 
  1372 ;; Auto vars:     Size  Location     Type
  1373 ;;		None
  1374 ;; Return value:  Size  Location     Type
  1375 ;;                  1    wreg      void 
  1376 ;; Registers used:
  1377 ;;		wreg, status,2, status,0
  1378 ;; Tracked objects:
  1379 ;;		On entry : 0/0
  1380 ;;		On exit  : 0/0
  1381 ;;		Unchanged: 0/0
  1382 ;; Data sizes:     COMRAM   BANK0   BANK1   BANK2   BANK3   BANK4   BANK5   BANK6   BANK7
  1383 ;;      Params:         2       0       0       0       0       0       0       0       0
  1384 ;;      Locals:         0       0       0       0       0       0       0       0       0
  1385 ;;      Temps:          2       0       0       0       0       0       0       0       0
  1386 ;;      Totals:         4       0       0       0       0       0       0       0       0
  1387 ;;Total ram usage:        4 bytes
  1388 ;; Hardware stack levels used: 1
  1389 ;; Hardware stack levels required when called: 1
  1390 ;; This function calls:
  1391 ;;		Nothing
  1392 ;; This function is called by:
  1393 ;;		_main
  1394 ;; This function uses a non-reentrant model
  1395 ;;
  1396                           
  1397                           	psect	text1
  1398   0013AC                     __ptext1:
  1399                           	callstack 0
  1400   0013AC                     _srand:
  1401                           	callstack 29
  1402   0013AC  0EFF               	movlw	255
  1403   0013AE  2405               	addwf	srand@s^0,w,c
  1404   0013B0  6E07               	movwf	??_srand^0,c
  1405   0013B2  0EFF               	movlw	255
  1406   0013B4  2006               	addwfc	(srand@s+1)^0,w,c
  1407   0013B6  6E08               	movwf	(??_srand+1)^0,c
  1408   0013B8  C007  F0DD         	movff	??_srand,_seed
  1409   0013BC  C008  F0DE         	movff	??_srand+1,_seed+1
  1410   0013C0  0100               	movlb	0	; () banked
  1411   0013C2  6BDF               	clrf	(_seed+2)& (0+255),b
  1412   0013C4  6BE0               	clrf	(_seed+3)& (0+255),b
  1413   0013C6                     
  1414                           ; BSR set to: 0
  1415   0013C6  0012               	return		;funcret
  1416   0013C8                     __end_of_srand:
  1417                           	callstack 0
  1418                           
  1419 ;; *************** function _UART_Init *****************
  1420 ;; Defined at:
  1421 ;;		line 52 in file "blackjack.c"
  1422 ;; Parameters:    Size  Location     Type
  1423 ;;		None
  1424 ;; Auto vars:     Size  Location     Type
  1425 ;;		None
  1426 ;; Return value:  Size  Location     Type
  1427 ;;                  1    wreg      void 
  1428 ;; Registers used:
  1429 ;;		wreg, status,2
  1430 ;; Tracked objects:
  1431 ;;		On entry : 0/0
  1432 ;;		On exit  : 0/0
  1433 ;;		Unchanged: 0/0
  1434 ;; Data sizes:     COMRAM   BANK0   BANK1   BANK2   BANK3   BANK4   BANK5   BANK6   BANK7
  1435 ;;      Params:         0       0       0       0       0       0       0       0       0
  1436 ;;      Locals:         0       0       0       0       0       0       0       0       0
  1437 ;;      Temps:          0       0       0       0       0       0       0       0       0
  1438 ;;      Totals:         0       0       0       0       0       0       0       0       0
  1439 ;;Total ram usage:        0 bytes
  1440 ;; Hardware stack levels used: 1
  1441 ;; Hardware stack levels required when called: 1
  1442 ;; This function calls:
  1443 ;;		Nothing
  1444 ;; This function is called by:
  1445 ;;		_main
  1446 ;; This function uses a non-reentrant model
  1447 ;;
  1448                           
  1449                           	psect	text2
  1450   0013C8                     __ptext2:
  1451                           	callstack 0
  1452   0013C8                     _UART_Init:
  1453                           	callstack 29
  1454   0013C8                     
  1455                           ;blackjack.c: 53:     TRISCbits.TRISC6 = 0;
  1456   0013C8  9C94               	bcf	148,6,c	;volatile
  1457                           
  1458                           ;blackjack.c: 54:     TRISCbits.TRISC7 = 1;
  1459   0013CA  8E94               	bsf	148,7,c	;volatile
  1460   0013CC                     
  1461                           ;blackjack.c: 55:     SPBRG = 129;
  1462   0013CC  0E81               	movlw	129
  1463   0013CE  6EAF               	movwf	175,c	;volatile
  1464                           
  1465                           ;blackjack.c: 56:     TXSTA = 0x24;
  1466   0013D0  0E24               	movlw	36
  1467   0013D2  6EAC               	movwf	172,c	;volatile
  1468                           
  1469                           ;blackjack.c: 57:     RCSTA = 0x90;
  1470   0013D4  0E90               	movlw	144
  1471   0013D6  6EAB               	movwf	171,c	;volatile
  1472   0013D8  0012               	return		;funcret
  1473   0013DA                     __end_of_UART_Init:
  1474                           	callstack 0
  1475                           
  1476 ;; *************** function _Reset_Round *****************
  1477 ;; Defined at:
  1478 ;;		line 137 in file "blackjack.c"
  1479 ;; Parameters:    Size  Location     Type
  1480 ;;		None
  1481 ;; Auto vars:     Size  Location     Type
  1482 ;;		None
  1483 ;; Return value:  Size  Location     Type
  1484 ;;                  1    wreg      void 
  1485 ;; Registers used:
  1486 ;;		wreg, fsr1l, fsr1h, status,2, status,0, tblptrl, tblptrh, tblptru, cstack
  1487 ;; Tracked objects:
  1488 ;;		On entry : 0/0
  1489 ;;		On exit  : 0/0
  1490 ;;		Unchanged: 0/0
  1491 ;; Data sizes:     COMRAM   BANK0   BANK1   BANK2   BANK3   BANK4   BANK5   BANK6   BANK7
  1492 ;;      Params:         0       0       0       0       0       0       0       0       0
  1493 ;;      Locals:         0       0       0       0       0       0       0       0       0
  1494 ;;      Temps:          0       0       0       0       0       0       0       0       0
  1495 ;;      Totals:         0       0       0       0       0       0       0       0       0
  1496 ;;Total ram usage:        0 bytes
  1497 ;; Hardware stack levels used: 1
  1498 ;; Hardware stack levels required when called: 2
  1499 ;; This function calls:
  1500 ;;		_Next_Send
  1501 ;; This function is called by:
  1502 ;;		_main
  1503 ;; This function uses a non-reentrant model
  1504 ;;
  1505                           
  1506                           	psect	text3
  1507   001310                     __ptext3:
  1508                           	callstack 0
  1509   001310                     _Reset_Round:
  1510                           	callstack 28
  1511   001310                     
  1512                           ;blackjack.c: 138:     p_score = 0;
  1513   001310  0100               	movlb	0	; () banked
  1514   001312  6BCB               	clrf	_p_score& (0+255),b
  1515                           
  1516                           ;blackjack.c: 139:     d_score = 0;
  1517   001314  6BCA               	clrf	_d_score& (0+255),b
  1518   001316                     
  1519                           ; BSR set to: 0
  1520                           ;blackjack.c: 140:     Next_Send("t_player.txt=\"0\"");
  1521   001316  0EA1               	movlw	low STR_3
  1522   001318  6E05               	movwf	Next_Send@cmd^0,c
  1523   00131A  5005               	movf	Next_Send@cmd^0,w,c
  1524   00131C  A4D8               	btfss	status,2,c
  1525   00131E  0E08               	movlw	high __smallconst
  1526   001320  6E06               	movwf	(Next_Send@cmd+1)^0,c
  1527   001322  EC00  F008         	call	_Next_Send	;wreg free
  1528                           
  1529                           ;blackjack.c: 141:     Next_Send("t_dealer.txt=\"0\"");
  1530   001326  0E90               	movlw	low STR_4
  1531   001328  6E05               	movwf	Next_Send@cmd^0,c
  1532   00132A  5005               	movf	Next_Send@cmd^0,w,c
  1533   00132C  A4D8               	btfss	status,2,c
  1534   00132E  0E08               	movlw	high __smallconst
  1535   001330  6E06               	movwf	(Next_Send@cmd+1)^0,c
  1536   001332  EC00  F008         	call	_Next_Send	;wreg free
  1537                           
  1538                           ;blackjack.c: 142:     Next_Send("t_result.txt=\"\"");
  1539   001336  0EB2               	movlw	low STR_5
  1540   001338  6E05               	movwf	Next_Send@cmd^0,c
  1541   00133A  5005               	movf	Next_Send@cmd^0,w,c
  1542   00133C  A4D8               	btfss	status,2,c
  1543   00133E  0E08               	movlw	high __smallconst
  1544   001340  6E06               	movwf	(Next_Send@cmd+1)^0,c
  1545   001342  EC00  F008         	call	_Next_Send	;wreg free
  1546   001346  0012               	return		;funcret
  1547   001348                     __end_of_Reset_Round:
  1548                           	callstack 0
  1549                           
  1550 ;; *************** function _Penalty *****************
  1551 ;; Defined at:
  1552 ;;		line 124 in file "blackjack.c"
  1553 ;; Parameters:    Size  Location     Type
  1554 ;;		None
  1555 ;; Auto vars:     Size  Location     Type
  1556 ;;  l_cmd          16   67[COMRAM] unsigned char [16]
  1557 ;; Return value:  Size  Location     Type
  1558 ;;                  1    wreg      void 
  1559 ;; Registers used:
  1560 ;;		wreg, fsr1l, fsr1h, fsr2l, fsr2h, status,2, status,0, tblptrl, tblptrh, tblptru, cstack
  1561 ;; Tracked objects:
  1562 ;;		On entry : 0/0
  1563 ;;		On exit  : 0/0
  1564 ;;		Unchanged: 0/0
  1565 ;; Data sizes:     COMRAM   BANK0   BANK1   BANK2   BANK3   BANK4   BANK5   BANK6   BANK7
  1566 ;;      Params:         0       0       0       0       0       0       0       0       0
  1567 ;;      Locals:        16       0       0       0       0       0       0       0       0
  1568 ;;      Temps:          3       0       0       0       0       0       0       0       0
  1569 ;;      Totals:        19       0       0       0       0       0       0       0       0
  1570 ;;Total ram usage:       19 bytes
  1571 ;; Hardware stack levels used: 1
  1572 ;; Hardware stack levels required when called: 6
  1573 ;; This function calls:
  1574 ;;		_Next_Send
  1575 ;;		___awmod
  1576 ;;		_rand
  1577 ;;		_sprintf
  1578 ;; This function is called by:
  1579 ;;		_main
  1580 ;; This function uses a non-reentrant model
  1581 ;;
  1582                           
  1583                           	psect	text4
  1584   0010A0                     __ptext4:
  1585                           	callstack 0
  1586   0010A0                     _Penalty:
  1587                           	callstack 24
  1588   0010A0                     
  1589                           ;blackjack.c: 125:     lives--;
  1590   0010A0  0100               	movlb	0	; () banked
  1591   0010A2  07DC               	decf	_lives& (0+255),f,b
  1592   0010A4                     
  1593                           ; BSR set to: 0
  1594                           ;blackjack.c: 126:     LATD = (LATD & 0xF8) | ((1 << lives) - 1);
  1595   0010A4  CF8C F042          	movff	3980,??_Penalty	;volatile
  1596   0010A8  0EF8               	movlw	248
  1597   0010AA  1642               	andwf	??_Penalty^0,f,c
  1598   0010AC  C0DC  F043         	movff	_lives,??_Penalty+1
  1599   0010B0  0E01               	movlw	1
  1600   0010B2  6E44               	movwf	(??_Penalty+2)^0,c
  1601   0010B4  2A43               	incf	(??_Penalty+1)^0,f,c
  1602   0010B6  EF5F  F008         	goto	u1044
  1603   0010BA                     u1045:
  1604   0010BA  90D8               	bcf	status,0,c
  1605   0010BC  3644               	rlcf	(??_Penalty+2)^0,f,c
  1606   0010BE                     u1044:
  1607   0010BE  2E43               	decfsz	(??_Penalty+1)^0,f,c
  1608   0010C0  EF5D  F008         	goto	u1045
  1609   0010C4  0444               	decf	(??_Penalty+2)^0,w,c
  1610   0010C6  1042               	iorwf	??_Penalty^0,w,c
  1611   0010C8  6E8C               	movwf	140,c	;volatile
  1612   0010CA                     
  1613                           ;blackjack.c: 127:     LATCbits.LATC1 = 1; _delay((unsigned long)((500)*(20000000/4000.0
      +                          ))); LATCbits.LATC1 = 0;
  1614   0010CA  828B               	bsf	139,1,c	;volatile
  1615   0010CC  0E0D               	movlw	13
  1616   0010CE  6E43               	movwf	(??_Penalty+1)^0,c
  1617   0010D0  0EAF               	movlw	175
  1618   0010D2  6E42               	movwf	??_Penalty^0,c
  1619   0010D4  0EB6               	movlw	182
  1620   0010D6                     u1297:
  1621   0010D6  2EE8               	decfsz	wreg,f,c
  1622   0010D8  D7FE               	bra	u1297
  1623   0010DA  2E42               	decfsz	??_Penalty^0,f,c
  1624   0010DC  D7FC               	bra	u1297
  1625   0010DE  2E43               	decfsz	(??_Penalty+1)^0,f,c
  1626   0010E0  D7FA               	bra	u1297
  1627   0010E2  D000               	nop2	
  1628   0010E4  928B               	bcf	139,1,c	;volatile
  1629   0010E6                     
  1630                           ;blackjack.c: 128:     servo_pos = 5 + (rand() % 20);
  1631   0010E6  EC9C  F008         	call	_rand	;wreg free
  1632   0010EA  C011  F017         	movff	?_rand,___awmod@dividend
  1633   0010EE  C012  F018         	movff	?_rand+1,___awmod@dividend+1
  1634   0010F2  6A1A               	clrf	(___awmod@divisor+1)^0,c
  1635   0010F4  0E14               	movlw	20
  1636   0010F6  6E19               	movwf	___awmod@divisor^0,c
  1637   0010F8  EC54  F007         	call	___awmod	;wreg free
  1638   0010FC  5017               	movf	?___awmod^0,w,c
  1639   0010FE  0F05               	addlw	5
  1640   001100  6E5C               	movwf	_servo_pos^0,c	;volatile
  1641   001102                     
  1642                           ;blackjack.c: 130:     char l_cmd[16];;blackjack.c: 131:     sprintf(l_cmd, "n_lives.val
      +                          =%d", lives);
  1643   001102  0E45               	movlw	low Penalty@l_cmd
  1644   001104  6E30               	movwf	sprintf@s^0,c
  1645   001106  0EC2               	movlw	low STR_2
  1646   001108  6E31               	movwf	sprintf@fmt^0,c
  1647   00110A  C0DC  F032         	movff	_lives,?_sprintf+2
  1648   00110E  6A33               	clrf	(?_sprintf+3)^0,c
  1649   001110  ECBE  F009         	call	_sprintf	;wreg free
  1650   001114                     
  1651                           ;blackjack.c: 132:     Next_Send(l_cmd);
  1652   001114  0E45               	movlw	low Penalty@l_cmd
  1653   001116  6E05               	movwf	Next_Send@cmd^0,c
  1654   001118  6A06               	clrf	(Next_Send@cmd+1)^0,c
  1655   00111A  EC00  F008         	call	_Next_Send	;wreg free
  1656   00111E                     
  1657                           ;blackjack.c: 133:     _delay((unsigned long)((1000)*(20000000/4000.0)));
  1658   00111E  0E1A               	movlw	26
  1659   001120  6E43               	movwf	(??_Penalty+1)^0,c
  1660   001122  0E5E               	movlw	94
  1661   001124  6E42               	movwf	??_Penalty^0,c
  1662   001126  0E6E               	movlw	110
  1663   001128                     u1307:
  1664   001128  2EE8               	decfsz	wreg,f,c
  1665   00112A  D7FE               	bra	u1307
  1666   00112C  2E42               	decfsz	??_Penalty^0,f,c
  1667   00112E  D7FC               	bra	u1307
  1668   001130  2E43               	decfsz	(??_Penalty+1)^0,f,c
  1669   001132  D7FA               	bra	u1307
  1670   001134  D000               	nop2	
  1671   001136  0012               	return		;funcret
  1672   001138                     __end_of_Penalty:
  1673                           	callstack 0
  1674                           
  1675 ;; *************** function _sprintf *****************
  1676 ;; Defined at:
  1677 ;;		line 9 in file "C:\Program Files\Microchip\xc8\v3.10\pic\sources\c99\common\nf_sprintf.c"
  1678 ;; Parameters:    Size  Location     Type
  1679 ;;  s               1   46[COMRAM] PTR unsigned char 
  1680 ;;		 -> main@cmd_422(32), main@cmd(32), Penalty@l_cmd(16), Draw_Card_To_Screen@cmd(32), 
  1681 ;;  fmt             1   47[COMRAM] PTR const unsigned char 
  1682 ;;		 -> STR_9(18), STR_7(18), STR_2(15), STR_1(11), 
  1683 ;; Auto vars:     Size  Location     Type
  1684 ;;  f              11   53[COMRAM] struct _IO_FILE
  1685 ;;  ret             2    0        int 
  1686 ;;  ap              1   52[COMRAM] PTR void [1]
  1687 ;;		 -> ?_sprintf(2), 
  1688 ;; Return value:  Size  Location     Type
  1689 ;;                  2   46[COMRAM] int 
  1690 ;; Registers used:
  1691 ;;		wreg, fsr1l, fsr1h, fsr2l, fsr2h, status,2, status,0, tblptrl, tblptrh, tblptru, cstack
  1692 ;; Tracked objects:
  1693 ;;		On entry : 0/0
  1694 ;;		On exit  : 0/0
  1695 ;;		Unchanged: 0/0
  1696 ;; Data sizes:     COMRAM   BANK0   BANK1   BANK2   BANK3   BANK4   BANK5   BANK6   BANK7
  1697 ;;      Params:         6       0       0       0       0       0       0       0       0
  1698 ;;      Locals:        12       0       0       0       0       0       0       0       0
  1699 ;;      Temps:          0       0       0       0       0       0       0       0       0
  1700 ;;      Totals:        18       0       0       0       0       0       0       0       0
  1701 ;;Total ram usage:       18 bytes
  1702 ;; Hardware stack levels used: 1
  1703 ;; Hardware stack levels required when called: 1
  1704 ;; This function calls:
  1705 ;;		_vfprintf
  1706 ;; This function is called by:
  1707 ;;		_Penalty
  1708 ;;		_main
  1709 ;;		_Draw_Card_To_Screen
  1710 ;; This function uses a non-reentrant model
  1711 ;;
  1712                           
  1713                           	psect	text5
  1714   00137C                     __ptext5:
  1715                           	callstack 0
  1716   00137C                     _sprintf:
  1717                           	callstack 28
  1718   00137C  0E32               	movlw	low (?_sprintf+2)
  1719   00137E  6E36               	movwf	sprintf@ap^0,c
  1720   001380  C030  F037         	movff	sprintf@s,sprintf@f
  1721   001384  6A3A               	clrf	(sprintf@f+3)^0,c
  1722   001386  0E00               	movlw	0
  1723   001388  6E39               	movwf	(sprintf@f+2)^0,c
  1724   00138A  6A41               	clrf	(sprintf@f+10)^0,c
  1725   00138C  0E00               	movlw	0
  1726   00138E  6E40               	movwf	(sprintf@f+9)^0,c
  1727   001390  0E37               	movlw	low sprintf@f
  1728   001392  6E2C               	movwf	vfprintf@fp^0,c
  1729   001394  C031  F02D         	movff	sprintf@fmt,vfprintf@fmt
  1730   001398  0E36               	movlw	low sprintf@ap
  1731   00139A  6E2E               	movwf	vfprintf@ap^0,c
  1732   00139C  EC6A  F009         	call	_vfprintf	;wreg free
  1733   0013A0  5030               	movf	sprintf@s^0,w,c
  1734   0013A2  2439               	addwf	(sprintf@f+2)^0,w,c
  1735   0013A4  6ED9               	movwf	fsr2l,c
  1736   0013A6  6ADA               	clrf	fsr2h,c
  1737   0013A8  6ADF               	clrf	indf2,c
  1738   0013AA  0012               	return		;funcret
  1739   0013AC                     __end_of_sprintf:
  1740                           	callstack 0
  1741                           
  1742 ;; *************** function _vfprintf *****************
  1743 ;; Defined at:
  1744 ;;		line 1817 in file "C:\Program Files\Microchip\xc8\v3.10\pic\sources\c99\common\doprnt.c"
  1745 ;; Parameters:    Size  Location     Type
  1746 ;;  fp              1   42[COMRAM] PTR struct _IO_FILE
  1747 ;;		 -> sprintf@f(11), 
  1748 ;;  fmt             1   43[COMRAM] PTR const unsigned char 
  1749 ;;		 -> STR_9(18), STR_7(18), STR_2(15), STR_1(11), 
  1750 ;;  ap              1   44[COMRAM] PTR PTR void 
  1751 ;;		 -> sprintf@ap(1), 
  1752 ;; Auto vars:     Size  Location     Type
  1753 ;;  cfmt            1   45[COMRAM] PTR unsigned char 
  1754 ;;		 -> STR_9(18), STR_7(18), STR_2(15), STR_1(11), 
  1755 ;; Return value:  Size  Location     Type
  1756 ;;                  2   42[COMRAM] int 
  1757 ;; Registers used:
  1758 ;;		wreg, fsr1l, fsr1h, fsr2l, fsr2h, status,2, status,0, tblptrl, tblptrh, tblptru, cstack
  1759 ;; Tracked objects:
  1760 ;;		On entry : 0/0
  1761 ;;		On exit  : 0/0
  1762 ;;		Unchanged: 0/0
  1763 ;; Data sizes:     COMRAM   BANK0   BANK1   BANK2   BANK3   BANK4   BANK5   BANK6   BANK7
  1764 ;;      Params:         3       0       0       0       0       0       0       0       0
  1765 ;;      Locals:         1       0       0       0       0       0       0       0       0
  1766 ;;      Temps:          0       0       0       0       0       0       0       0       0
  1767 ;;      Totals:         4       0       0       0       0       0       0       0       0
  1768 ;;Total ram usage:        4 bytes
  1769 ;; Hardware stack levels used: 1
  1770 ;; Hardware stack levels required when called: 4
  1771 ;; This function calls:
  1772 ;;		_vfpfcnvrt
  1773 ;; This function is called by:
  1774 ;;		_sprintf
  1775 ;; This function uses a non-reentrant model
  1776 ;;
  1777                           
  1778                           	psect	text6
  1779   0012D4                     __ptext6:
  1780                           	callstack 0
  1781   0012D4                     _vfprintf:
  1782                           	callstack 24
  1783   0012D4                     
  1784                           ;C:\Program Files\Microchip\xc8\v3.10\pic\sources\c99\common\doprnt.c: 1817: int vfprint
      +                          f(FILE *fp, const char *fmt, va_list ap);C:\Program Files\Microchip\xc8\v3.10\pic\source
      +                          s\c99\common\doprnt.c: 1818: {;C:\Program Files\Microchip\xc8\v3.10\pic\sources\c99\comm
      +                          on\doprnt.c: 1820:     char *cfmt;;C:\Program Files\Microchip\xc8\v3.10\pic\sources\c99\
      +                          common\doprnt.c: 1822:     cfmt = (char *)fmt;
  1785   0012D4  C02D  F02F         	movff	vfprintf@fmt,vfprintf@cfmt
  1786                           
  1787                           ;C:\Program Files\Microchip\xc8\v3.10\pic\sources\c99\common\doprnt.c: 1826:     while (
      +                          *cfmt) {
  1788   0012D8  EF76  F009         	goto	l1569
  1789   0012DC                     l1567:
  1790                           
  1791                           ;C:\Program Files\Microchip\xc8\v3.10\pic\sources\c99\common\doprnt.c: 1830:    vfpfcnvr
      +                          t(fp, &cfmt, ap);
  1792   0012DC  C02C  F021         	movff	vfprintf@fp,vfpfcnvrt@fp
  1793   0012E0  0E2F               	movlw	low vfprintf@cfmt
  1794   0012E2  6E22               	movwf	vfpfcnvrt@fmt^0,c
  1795   0012E4  C02E  F023         	movff	vfprintf@ap,vfpfcnvrt@ap
  1796   0012E8  EC9A  F005         	call	_vfpfcnvrt	;wreg free
  1797   0012EC                     l1569:
  1798                           
  1799                           ;C:\Program Files\Microchip\xc8\v3.10\pic\sources\c99\common\doprnt.c: 1826:     while (
      +                          *cfmt) {
  1800   0012EC  C02F  FFF6         	movff	vfprintf@cfmt,tblptrl
  1801   0012F0                     	if	1	;There is more than 1 active tblptr byte
  1802   0012F0  0E08               	movlw	high __smallconst
  1803   0012F2  6EF7               	movwf	tblptrh,c
  1804   0012F4                     	endif
  1805   0012F4                     	if	0	;tblptru may be non-zero
  1806   0012F4                     	endif
  1807   0012F4                     	if	0	;tblptru may be non-zero
  1808   0012F4                     	endif
  1809   0012F4  0008               	tblrd		*
  1810   0012F6  50F5               	movf	tablat,w,c
  1811   0012F8  0900               	iorlw	0
  1812   0012FA  A4D8               	btfss	status,2,c
  1813   0012FC  EF82  F009         	goto	u891
  1814   001300  EF84  F009         	goto	u890
  1815   001304                     u891:
  1816   001304  EF6E  F009         	goto	l1567
  1817   001308                     u890:
  1818   001308                     
  1819                           ;C:\Program Files\Microchip\xc8\v3.10\pic\sources\c99\common\doprnt.c: 1835:  return 0;
  1820   001308  6A2D               	clrf	(?_vfprintf+1)^0,c
  1821   00130A  0E00               	movlw	0
  1822   00130C  6E2C               	movwf	?_vfprintf^0,c
  1823   00130E  0012               	return		;funcret
  1824   001310                     __end_of_vfprintf:
  1825                           	callstack 0
  1826                           
  1827 ;; *************** function _vfpfcnvrt *****************
  1828 ;; Defined at:
  1829 ;;		line 1177 in file "C:\Program Files\Microchip\xc8\v3.10\pic\sources\c99\common\doprnt.c"
  1830 ;; Parameters:    Size  Location     Type
  1831 ;;  fp              1   31[COMRAM] PTR struct _IO_FILE
  1832 ;;		 -> sprintf@f(11), 
  1833 ;;  fmt             1   32[COMRAM] PTR PTR unsigned char 
  1834 ;;		 -> vfprintf@cfmt(1), 
  1835 ;;  ap              1   33[COMRAM] PTR PTR void 
  1836 ;;		 -> sprintf@ap(1), 
  1837 ;; Auto vars:     Size  Location     Type
  1838 ;;  convarg         4   37[COMRAM] struct .
  1839 ;;  c               1   41[COMRAM] unsigned char 
  1840 ;;  cp              1   36[COMRAM] PTR unsigned char 
  1841 ;;		 -> STR_9(18), STR_7(18), STR_2(15), STR_1(11), 
  1842 ;;  done            1   35[COMRAM] _Bool 
  1843 ;; Return value:  Size  Location     Type
  1844 ;;                  1    wreg      void 
  1845 ;; Registers used:
  1846 ;;		wreg, fsr1l, fsr1h, fsr2l, fsr2h, status,2, status,0, tblptrl, tblptrh, tblptru, cstack
  1847 ;; Tracked objects:
  1848 ;;		On entry : 0/0
  1849 ;;		On exit  : 0/0
  1850 ;;		Unchanged: 0/0
  1851 ;; Data sizes:     COMRAM   BANK0   BANK1   BANK2   BANK3   BANK4   BANK5   BANK6   BANK7
  1852 ;;      Params:         3       0       0       0       0       0       0       0       0
  1853 ;;      Locals:         7       0       0       0       0       0       0       0       0
  1854 ;;      Temps:          1       0       0       0       0       0       0       0       0
  1855 ;;      Totals:        11       0       0       0       0       0       0       0       0
  1856 ;;Total ram usage:       11 bytes
  1857 ;; Hardware stack levels used: 1
  1858 ;; Hardware stack levels required when called: 3
  1859 ;; This function calls:
  1860 ;;		___awdiv
  1861 ;;		___awmod
  1862 ;;		_abs
  1863 ;;		_fputc
  1864 ;; This function is called by:
  1865 ;;		_vfprintf
  1866 ;; This function uses a non-reentrant model
  1867 ;;
  1868                           
  1869                           	psect	text7
  1870   000B34                     __ptext7:
  1871                           	callstack 0
  1872   000B34                     _vfpfcnvrt:
  1873                           	callstack 24
  1874   000B34                     
  1875                           ;C:\Program Files\Microchip\xc8\v3.10\pic\sources\c99\common\doprnt.c: 1177: vfpfcnvrt(F
      +                          ILE *fp, char *fmt[], va_list ap);C:\Program Files\Microchip\xc8\v3.10\pic\sources\c99\c
      +                          ommon\doprnt.c: 1178: {;C:\Program Files\Microchip\xc8\v3.10\pic\sources\c99\common\dopr
      +                          nt.c: 1179:     char c, *cp;;C:\Program Files\Microchip\xc8\v3.10\pic\sources\c99\common
      +                          \doprnt.c: 1180:     _Bool done;;C:\Program Files\Microchip\xc8\v3.10\pic\sources\c99\co
      +                          mmon\doprnt.c: 1188:  } convarg;;C:\Program Files\Microchip\xc8\v3.10\pic\sources\c99\co
      +                          mmon\doprnt.c: 1201:     if ((*fmt)[0] == '%') {
  1876   000B34  5022               	movf	vfpfcnvrt@fmt^0,w,c
  1877   000B36  6ED9               	movwf	fsr2l,c
  1878   000B38  6ADA               	clrf	fsr2h,c
  1879   000B3A  CFDF FFF6          	movff	indf2,tblptrl
  1880   000B3E                     	if	1	;There is more than 1 active tblptr byte
  1881   000B3E  0E08               	movlw	high __smallconst
  1882   000B40  6EF7               	movwf	tblptrh,c
  1883   000B42                     	endif
  1884   000B42                     	if	0	;tblptru may be non-zero
  1885   000B42                     	endif
  1886   000B42                     	if	0	;tblptru may be non-zero
  1887   000B42                     	endif
  1888   000B42  0008               	tblrd		*
  1889   000B44  50F5               	movf	tablat,w,c
  1890   000B46  0A25               	xorlw	37
  1891   000B48  A4D8               	btfss	status,2,c
  1892   000B4A  EFA9  F005         	goto	u771
  1893   000B4E  EFAB  F005         	goto	u770
  1894   000B52                     u771:
  1895   000B52  EF61  F006         	goto	l1549
  1896   000B56                     u770:
  1897   000B56                     
  1898                           ;C:\Program Files\Microchip\xc8\v3.10\pic\sources\c99\common\doprnt.c: 1202:         ++*
      +                          fmt;
  1899   000B56  5022               	movf	vfpfcnvrt@fmt^0,w,c
  1900   000B58  6ED9               	movwf	fsr2l,c
  1901   000B5A  6ADA               	clrf	fsr2h,c
  1902   000B5C  2ADF               	incf	indf2,f,c
  1903   000B5E                     
  1904                           ;C:\Program Files\Microchip\xc8\v3.10\pic\sources\c99\common\doprnt.c: 1204:         fla
      +                          gs = width = 0;
  1905   000B5E  6A56               	clrf	(_width+1)^0,c
  1906   000B60  0E00               	movlw	0
  1907   000B62  6E55               	movwf	_width^0,c
  1908   000B64  C055  F05B         	movff	_width,_flags
  1909   000B68                     
  1910                           ;C:\Program Files\Microchip\xc8\v3.10\pic\sources\c99\common\doprnt.c: 1205:         pre
      +                          c = -1;
  1911   000B68  6857               	setf	_prec^0,c
  1912   000B6A  6858               	setf	(_prec+1)^0,c
  1913   000B6C                     
  1914                           ;C:\Program Files\Microchip\xc8\v3.10\pic\sources\c99\common\doprnt.c: 1291:   cp = *fmt
      +                          ;
  1915   000B6C  5022               	movf	vfpfcnvrt@fmt^0,w,c
  1916   000B6E  6ED9               	movwf	fsr2l,c
  1917   000B70  6ADA               	clrf	fsr2h,c
  1918   000B72  50DF               	movf	indf2,w,c
  1919   000B74  6E26               	movwf	vfpfcnvrt@cp^0,c
  1920   000B76                     
  1921                           ;C:\Program Files\Microchip\xc8\v3.10\pic\sources\c99\common\doprnt.c: 1361:   if (*cp =
      +                          = 'd' || *cp == 'i') {
  1922   000B76  C026  FFF6         	movff	vfpfcnvrt@cp,tblptrl
  1923   000B7A                     	if	1	;There is more than 1 active tblptr byte
  1924   000B7A  0E08               	movlw	high __smallconst
  1925   000B7C  6EF7               	movwf	tblptrh,c
  1926   000B7E                     	endif
  1927   000B7E                     	if	0	;tblptru may be non-zero
  1928   000B7E                     	endif
  1929   000B7E                     	if	0	;tblptru may be non-zero
  1930   000B7E                     	endif
  1931   000B7E  0008               	tblrd		*
  1932   000B80  50F5               	movf	tablat,w,c
  1933   000B82  0A64               	xorlw	100
  1934   000B84  B4D8               	btfsc	status,2,c
  1935   000B86  EFC7  F005         	goto	u781
  1936   000B8A  EFC9  F005         	goto	u780
  1937   000B8E                     u781:
  1938   000B8E  EFD7  F005         	goto	l1519
  1939   000B92                     u780:
  1940   000B92  C026  FFF6         	movff	vfpfcnvrt@cp,tblptrl
  1941   000B96                     	if	1	;There is more than 1 active tblptr byte
  1942   000B96  0E08               	movlw	high __smallconst
  1943   000B98  6EF7               	movwf	tblptrh,c
  1944   000B9A                     	endif
  1945   000B9A                     	if	0	;tblptru may be non-zero
  1946   000B9A                     	endif
  1947   000B9A                     	if	0	;tblptru may be non-zero
  1948   000B9A                     	endif
  1949   000B9A  0008               	tblrd		*
  1950   000B9C  50F5               	movf	tablat,w,c
  1951   000B9E  0A69               	xorlw	105
  1952   000BA0  A4D8               	btfss	status,2,c
  1953   000BA2  EFD5  F005         	goto	u791
  1954   000BA6  EFD7  F005         	goto	u790
  1955   000BAA                     u791:
  1956   000BAA  EF5B  F006         	goto	l1545
  1957   000BAE                     u790:
  1958   000BAE                     l1519:
  1959                           
  1960                           ;C:\Program Files\Microchip\xc8\v3.10\pic\sources\c99\common\doprnt.c: 1404:    convarg.
      +                          sint = (vfpf_sint_t)(int)(*(int *)__va_arg(*(int **)ap, (int)0));
  1961   000BAE  5023               	movf	vfpfcnvrt@ap^0,w,c
  1962   000BB0  6ED9               	movwf	fsr2l,c
  1963   000BB2  6ADA               	clrf	fsr2h,c
  1964   000BB4  0E02               	movlw	2
  1965   000BB6  26DF               	addwf	indf2,f,c
  1966   000BB8  5CDF               	subwf	indf2,w,c
  1967   000BBA  6ED9               	movwf	fsr2l,c
  1968   000BBC  6ADA               	clrf	fsr2h,c
  1969   000BBE  CFDE F027          	movff	postinc2,vfpfcnvrt@convarg
  1970   000BC2  CFDE F028          	movff	postinc2,vfpfcnvrt@convarg+1
  1971   000BC6                     
  1972                           ;C:\Program Files\Microchip\xc8\v3.10\pic\sources\c99\common\doprnt.c: 1406:    *fmt = c
      +                          p+1;
  1973   000BC6  5022               	movf	vfpfcnvrt@fmt^0,w,c
  1974   000BC8  6ED9               	movwf	fsr2l,c
  1975   000BCA  6ADA               	clrf	fsr2h,c
  1976   000BCC  2826               	incf	vfpfcnvrt@cp^0,w,c
  1977   000BCE  6EDF               	movwf	indf2,c
  1978   000BD0                     
  1979                           ;C:\Program Files\Microchip\xc8\v3.10\pic\sources\c99\common\doprnt.c: 1408:    c = size
      +                          of(dbuf);
  1980   000BD0  0E20               	movlw	32
  1981   000BD2  6E2B               	movwf	vfpfcnvrt@c^0,c
  1982                           
  1983                           ;C:\Program Files\Microchip\xc8\v3.10\pic\sources\c99\common\doprnt.c: 1409:    done = c
      +                          onvarg.sint < 0;
  1984   000BD4  BE28               	btfsc	(vfpfcnvrt@convarg+1)^0,7,c
  1985   000BD6  EFEF  F005         	goto	u801
  1986   000BDA  EFF2  F005         	goto	u800
  1987   000BDE                     u801:
  1988   000BDE  0E01               	movlw	1
  1989   000BE0  EFF3  F005         	goto	u810
  1990   000BE4                     u800:
  1991   000BE4  0E00               	movlw	0
  1992   000BE6                     u810:
  1993   000BE6  6E25               	movwf	vfpfcnvrt@done^0,c
  1994   000BE8                     l1525:
  1995                           
  1996                           ;C:\Program Files\Microchip\xc8\v3.10\pic\sources\c99\common\doprnt.c: 1411:     dbuf[--
      +                          c] = abs(convarg.sint % 10) + '0';
  1997   000BE8  062B               	decf	vfpfcnvrt@c^0,f,c
  1998   000BEA  502B               	movf	vfpfcnvrt@c^0,w,c
  1999   000BEC  0FAA               	addlw	low _dbuf
  2000   000BEE  6ED9               	movwf	fsr2l,c
  2001   000BF0  6ADA               	clrf	fsr2h,c
  2002   000BF2  C027  F017         	movff	vfpfcnvrt@convarg,___awmod@dividend
  2003   000BF6  C028  F018         	movff	vfpfcnvrt@convarg+1,___awmod@dividend+1
  2004   000BFA  6A1A               	clrf	(___awmod@divisor+1)^0,c
  2005   000BFC  0E0A               	movlw	10
  2006   000BFE  6E19               	movwf	___awmod@divisor^0,c
  2007   000C00  EC54  F007         	call	___awmod	;wreg free
  2008   000C04  C017  F01D         	movff	?___awmod,abs@a
  2009   000C08  C018  F01E         	movff	?___awmod+1,abs@a+1
  2010   000C0C  ECA4  F009         	call	_abs	;wreg free
  2011   000C10  501D               	movf	?_abs^0,w,c
  2012   000C12  0F30               	addlw	48
  2013   000C14  6EDF               	movwf	indf2,c
  2014   000C16                     
  2015                           ;C:\Program Files\Microchip\xc8\v3.10\pic\sources\c99\common\doprnt.c: 1412:     convarg
      +                          .sint /= 10;
  2016   000C16  C027  F005         	movff	vfpfcnvrt@convarg,___awdiv@dividend
  2017   000C1A  C028  F006         	movff	vfpfcnvrt@convarg+1,___awdiv@dividend+1
  2018   000C1E  6A08               	clrf	(___awdiv@divisor+1)^0,c
  2019   000C20  0E0A               	movlw	10
  2020   000C22  6E07               	movwf	___awdiv@divisor^0,c
  2021   000C24  ECF4  F006         	call	___awdiv	;wreg free
  2022   000C28  C005  F027         	movff	?___awdiv,vfpfcnvrt@convarg
  2023   000C2C  C006  F028         	movff	?___awdiv+1,vfpfcnvrt@convarg+1
  2024   000C30                     
  2025                           ;C:\Program Files\Microchip\xc8\v3.10\pic\sources\c99\common\doprnt.c: 1416:    } while 
      +                          (convarg.sint != 0 && c != 0);
  2026   000C30  5027               	movf	vfpfcnvrt@convarg^0,w,c
  2027   000C32  1028               	iorwf	(vfpfcnvrt@convarg+1)^0,w,c
  2028   000C34  B4D8               	btfsc	status,2,c
  2029   000C36  EF1F  F006         	goto	u821
  2030   000C3A  EF21  F006         	goto	u820
  2031   000C3E                     u821:
  2032   000C3E  EF29  F006         	goto	l1533
  2033   000C42                     u820:
  2034   000C42  502B               	movf	vfpfcnvrt@c^0,w,c
  2035   000C44  A4D8               	btfss	status,2,c
  2036   000C46  EF27  F006         	goto	u831
  2037   000C4A  EF29  F006         	goto	u830
  2038   000C4E                     u831:
  2039   000C4E  EFF4  F005         	goto	l1525
  2040   000C52                     u830:
  2041   000C52                     l1533:
  2042                           
  2043                           ;C:\Program Files\Microchip\xc8\v3.10\pic\sources\c99\common\doprnt.c: 1417:    if (c !=
      +                           0 && done) {
  2044   000C52  502B               	movf	vfpfcnvrt@c^0,w,c
  2045   000C54  B4D8               	btfsc	status,2,c
  2046   000C56  EF2F  F006         	goto	u841
  2047   000C5A  EF31  F006         	goto	u840
  2048   000C5E                     u841:
  2049   000C5E  EF50  F006         	goto	l1543
  2050   000C62                     u840:
  2051   000C62  5025               	movf	vfpfcnvrt@done^0,w,c
  2052   000C64  B4D8               	btfsc	status,2,c
  2053   000C66  EF37  F006         	goto	u851
  2054   000C6A  EF39  F006         	goto	u850
  2055   000C6E                     u851:
  2056   000C6E  EF50  F006         	goto	l1543
  2057   000C72                     u850:
  2058   000C72                     
  2059                           ;C:\Program Files\Microchip\xc8\v3.10\pic\sources\c99\common\doprnt.c: 1418:     dbuf[--
      +                          c] = '-';
  2060   000C72  062B               	decf	vfpfcnvrt@c^0,f,c
  2061   000C74  502B               	movf	vfpfcnvrt@c^0,w,c
  2062   000C76  0FAA               	addlw	low _dbuf
  2063   000C78  6ED9               	movwf	fsr2l,c
  2064   000C7A  6ADA               	clrf	fsr2h,c
  2065   000C7C  0E2D               	movlw	45
  2066   000C7E  6EDF               	movwf	indf2,c
  2067   000C80  EF50  F006         	goto	l1543
  2068   000C84                     l1539:
  2069                           
  2070                           ;C:\Program Files\Microchip\xc8\v3.10\pic\sources\c99\common\doprnt.c: 1424:     fputc(d
      +                          buf[c++], fp);
  2071   000C84  502B               	movf	vfpfcnvrt@c^0,w,c
  2072   000C86  0FAA               	addlw	low _dbuf
  2073   000C88  6ED9               	movwf	fsr2l,c
  2074   000C8A  6ADA               	clrf	fsr2h,c
  2075   000C8C  50DF               	movf	indf2,w,c
  2076   000C8E  6E24               	movwf	??_vfpfcnvrt^0,c
  2077   000C90  5024               	movf	??_vfpfcnvrt^0,w,c
  2078   000C92  6E05               	movwf	fputc@c^0,c
  2079   000C94  6A06               	clrf	(fputc@c+1)^0,c
  2080   000C96  C021  F007         	movff	vfpfcnvrt@fp,fputc@fp
  2081   000C9A  ECAB  F007         	call	_fputc	;wreg free
  2082   000C9E  2A2B               	incf	vfpfcnvrt@c^0,f,c
  2083   000CA0                     l1543:
  2084                           
  2085                           ;C:\Program Files\Microchip\xc8\v3.10\pic\sources\c99\common\doprnt.c: 1423:    while (c
      +                           != sizeof(dbuf)) {
  2086   000CA0  0E20               	movlw	32
  2087   000CA2  182B               	xorwf	vfpfcnvrt@c^0,w,c
  2088   000CA4  A4D8               	btfss	status,2,c
  2089   000CA6  EF57  F006         	goto	u861
  2090   000CAA  EF59  F006         	goto	u860
  2091   000CAE                     u861:
  2092   000CAE  EF42  F006         	goto	l1539
  2093   000CB2                     u860:
  2094   000CB2  EF72  F006         	goto	l961
  2095   000CB6                     l1545:
  2096                           
  2097                           ;C:\Program Files\Microchip\xc8\v3.10\pic\sources\c99\common\doprnt.c: 1806:         ++*
      +                          fmt;
  2098   000CB6  5022               	movf	vfpfcnvrt@fmt^0,w,c
  2099   000CB8  6ED9               	movwf	fsr2l,c
  2100   000CBA  6ADA               	clrf	fsr2h,c
  2101   000CBC  2ADF               	incf	indf2,f,c
  2102   000CBE  EF72  F006         	goto	l961
  2103   000CC2                     l1549:
  2104                           
  2105                           ;C:\Program Files\Microchip\xc8\v3.10\pic\sources\c99\common\doprnt.c: 1811:     fputc((
      +                          int)(*fmt)[0], fp);
  2106   000CC2  5022               	movf	vfpfcnvrt@fmt^0,w,c
  2107   000CC4  6ED9               	movwf	fsr2l,c
  2108   000CC6  6ADA               	clrf	fsr2h,c
  2109   000CC8  CFDF FFF6          	movff	indf2,tblptrl
  2110   000CCC                     	if	1	;There is more than 1 active tblptr byte
  2111   000CCC  0E08               	movlw	high __smallconst
  2112   000CCE  6EF7               	movwf	tblptrh,c
  2113   000CD0                     	endif
  2114   000CD0                     	if	0	;tblptru may be non-zero
  2115   000CD0                     	endif
  2116   000CD0                     	if	0	;tblptru may be non-zero
  2117   000CD0                     	endif
  2118   000CD0  0008               	tblrd		*
  2119   000CD2  50F5               	movf	tablat,w,c
  2120   000CD4  6E05               	movwf	fputc@c^0,c
  2121   000CD6  6A06               	clrf	(fputc@c+1)^0,c
  2122   000CD8  C021  F007         	movff	vfpfcnvrt@fp,fputc@fp
  2123   000CDC  ECAB  F007         	call	_fputc	;wreg free
  2124   000CE0  EF5B  F006         	goto	l1545
  2125   000CE4                     l961:
  2126   000CE4  0012               	return		;funcret
  2127   000CE6                     __end_of_vfpfcnvrt:
  2128                           	callstack 0
  2129                           
  2130 ;; *************** function _fputc *****************
  2131 ;; Defined at:
  2132 ;;		line 8 in file "C:\Program Files\Microchip\xc8\v3.10\pic\sources\c99\common\nf_fputc.c"
  2133 ;; Parameters:    Size  Location     Type
  2134 ;;  c               2    3[COMRAM] int 
  2135 ;;  fp              1    5[COMRAM] PTR struct _IO_FILE
  2136 ;;		 -> sprintf@f(11), 
  2137 ;; Auto vars:     Size  Location     Type
  2138 ;;		None
  2139 ;; Return value:  Size  Location     Type
  2140 ;;                  2    3[COMRAM] int 
  2141 ;; Registers used:
  2142 ;;		wreg, fsr1l, fsr1h, fsr2l, fsr2h, status,2, status,0, cstack
  2143 ;; Tracked objects:
  2144 ;;		On entry : 0/0
  2145 ;;		On exit  : 0/0
  2146 ;;		Unchanged: 0/0
  2147 ;; Data sizes:     COMRAM   BANK0   BANK1   BANK2   BANK3   BANK4   BANK5   BANK6   BANK7
  2148 ;;      Params:         3       0       0       0       0       0       0       0       0
  2149 ;;      Locals:         0       0       0       0       0       0       0       0       0
  2150 ;;      Temps:          5       0       0       0       0       0       0       0       0
  2151 ;;      Totals:         8       0       0       0       0       0       0       0       0
  2152 ;;Total ram usage:        8 bytes
  2153 ;; Hardware stack levels used: 1
  2154 ;; Hardware stack levels required when called: 2
  2155 ;; This function calls:
  2156 ;;		_putch
  2157 ;; This function is called by:
  2158 ;;		_vfpfcnvrt
  2159 ;; This function uses a non-reentrant model
  2160 ;;
  2161                           
  2162                           	psect	text8
  2163   000F56                     __ptext8:
  2164                           	callstack 0
  2165   000F56                     _fputc:
  2166                           	callstack 24
  2167   000F56  5007               	movf	fputc@fp^0,w,c
  2168   000F58  B4D8               	btfsc	status,2,c
  2169   000F5A  EFB1  F007         	goto	u721
  2170   000F5E  EFB3  F007         	goto	u720
  2171   000F62                     u721:
  2172   000F62  EFBB  F007         	goto	l1491
  2173   000F66                     u720:
  2174   000F66  5007               	movf	fputc@fp^0,w,c
  2175   000F68  A4D8               	btfss	status,2,c
  2176   000F6A  EFB9  F007         	goto	u731
  2177   000F6E  EFBB  F007         	goto	u730
  2178   000F72                     u731:
  2179   000F72  EFC0  F007         	goto	l1493
  2180   000F76                     u730:
  2181   000F76                     l1491:
  2182   000F76  5005               	movf	fputc@c^0,w,c
  2183   000F78  ECF6  F009         	call	_putch
  2184   000F7C  EFFF  F007         	goto	l986
  2185   000F80                     l1493:
  2186   000F80  5007               	movf	fputc@fp^0,w,c
  2187   000F82  6ED9               	movwf	fsr2l,c
  2188   000F84  6ADA               	clrf	fsr2h,c
  2189   000F86  0E09               	movlw	9
  2190   000F88  26D9               	addwf	fsr2l,f,c
  2191   000F8A  50DE               	movf	postinc2,w,c
  2192   000F8C  10DE               	iorwf	postinc2,w,c
  2193   000F8E  B4D8               	btfsc	status,2,c
  2194   000F90  EFCC  F007         	goto	u741
  2195   000F94  EFCE  F007         	goto	u740
  2196   000F98                     u741:
  2197   000F98  EFE7  F007         	goto	l1497
  2198   000F9C                     u740:
  2199   000F9C  5007               	movf	fputc@fp^0,w,c
  2200   000F9E  6ED9               	movwf	fsr2l,c
  2201   000FA0  6ADA               	clrf	fsr2h,c
  2202   000FA2  0E09               	movlw	9
  2203   000FA4  26D9               	addwf	fsr2l,f,c
  2204   000FA6  5007               	movf	fputc@fp^0,w,c
  2205   000FA8  6EE1               	movwf	fsr1l,c
  2206   000FAA  6AE2               	clrf	fsr1h,c
  2207   000FAC  0E02               	movlw	2
  2208   000FAE  26E1               	addwf	fsr1l,f,c
  2209   000FB0  50DE               	movf	postinc2,w,c
  2210   000FB2  5CE6               	subwf	postinc1,w,c
  2211   000FB4  50E6               	movf	postinc1,w,c
  2212   000FB6  0A80               	xorlw	128
  2213   000FB8  6E0C               	movwf	(??_fputc+4)^0,c
  2214   000FBA  50DE               	movf	postinc2,w,c
  2215   000FBC  0A80               	xorlw	128
  2216   000FBE  580C               	subwfb	(??_fputc+4)^0,w,c
  2217   000FC0  B0D8               	btfsc	status,0,c
  2218   000FC2  EFE5  F007         	goto	u751
  2219   000FC6  EFE7  F007         	goto	u750
  2220   000FCA                     u751:
  2221   000FCA  EFFF  F007         	goto	l986
  2222   000FCE                     u750:
  2223   000FCE                     l1497:
  2224   000FCE  5007               	movf	fputc@fp^0,w,c
  2225   000FD0  6ED9               	movwf	fsr2l,c
  2226   000FD2  6ADA               	clrf	fsr2h,c
  2227   000FD4  0E02               	movlw	2
  2228   000FD6  26D9               	addwf	fsr2l,f,c
  2229   000FD8  50DF               	movf	indf2,w,c
  2230   000FDA  6E08               	movwf	??_fputc^0,c
  2231   000FDC  5007               	movf	fputc@fp^0,w,c
  2232   000FDE  6ED9               	movwf	fsr2l,c
  2233   000FE0  6ADA               	clrf	fsr2h,c
  2234   000FE2  50DF               	movf	indf2,w,c
  2235   000FE4  2408               	addwf	??_fputc^0,w,c
  2236   000FE6  6ED9               	movwf	fsr2l,c
  2237   000FE8  6ADA               	clrf	fsr2h,c
  2238   000FEA  C005  FFDF         	movff	fputc@c,indf2
  2239   000FEE  5007               	movf	fputc@fp^0,w,c
  2240   000FF0  6ED9               	movwf	fsr2l,c
  2241   000FF2  6ADA               	clrf	fsr2h,c
  2242   000FF4  0E02               	movlw	2
  2243   000FF6  26D9               	addwf	fsr2l,f,c
  2244   000FF8  2ADE               	incf	postinc2,f,c
  2245   000FFA  0E00               	movlw	0
  2246   000FFC  22DD               	addwfc	postdec2,f,c
  2247   000FFE                     l986:
  2248   000FFE  0012               	return		;funcret
  2249   001000                     __end_of_fputc:
  2250                           	callstack 0
  2251                           
  2252 ;; *************** function _putch *****************
  2253 ;; Defined at:
  2254 ;;		line 7 in file "C:\Program Files\Microchip\xc8\v3.10\pic\sources\c99\common\putch.c"
  2255 ;; Parameters:    Size  Location     Type
  2256 ;;  c               1    wreg     unsigned char 
  2257 ;; Auto vars:     Size  Location     Type
  2258 ;;  c               1    0[COMRAM] unsigned char 
  2259 ;; Return value:  Size  Location     Type
  2260 ;;                  1    wreg      void 
  2261 ;; Registers used:
  2262 ;;		wreg
  2263 ;; Tracked objects:
  2264 ;;		On entry : 0/0
  2265 ;;		On exit  : 0/0
  2266 ;;		Unchanged: 0/0
  2267 ;; Data sizes:     COMRAM   BANK0   BANK1   BANK2   BANK3   BANK4   BANK5   BANK6   BANK7
  2268 ;;      Params:         0       0       0       0       0       0       0       0       0
  2269 ;;      Locals:         0       0       0       0       0       0       0       0       0
  2270 ;;      Temps:          0       0       0       0       0       0       0       0       0
  2271 ;;      Totals:         0       0       0       0       0       0       0       0       0
  2272 ;;Total ram usage:        0 bytes
  2273 ;; Hardware stack levels used: 1
  2274 ;; Hardware stack levels required when called: 1
  2275 ;; This function calls:
  2276 ;;		Nothing
  2277 ;; This function is called by:
  2278 ;;		_fputc
  2279 ;; This function uses a non-reentrant model
  2280 ;;
  2281                           
  2282                           	psect	text9
  2283   0013EC                     __ptext9:
  2284                           	callstack 0
  2285   0013EC                     _putch:
  2286                           	callstack 24
  2287   0013EC  0012               	return		;funcret
  2288   0013EE                     __end_of_putch:
  2289                           	callstack 0
  2290                           
  2291 ;; *************** function _abs *****************
  2292 ;; Defined at:
  2293 ;;		line 1 in file "C:\Program Files\Microchip\xc8\v3.10\pic\sources\c99\common\abs.c"
  2294 ;; Parameters:    Size  Location     Type
  2295 ;;  a               2   27[COMRAM] int 
  2296 ;; Auto vars:     Size  Location     Type
  2297 ;;		None
  2298 ;; Return value:  Size  Location     Type
  2299 ;;                  2   27[COMRAM] int 
  2300 ;; Registers used:
  2301 ;;		wreg, status,2, status,0
  2302 ;; Tracked objects:
  2303 ;;		On entry : 0/0
  2304 ;;		On exit  : 0/0
  2305 ;;		Unchanged: 0/0
  2306 ;; Data sizes:     COMRAM   BANK0   BANK1   BANK2   BANK3   BANK4   BANK5   BANK6   BANK7
  2307 ;;      Params:         2       0       0       0       0       0       0       0       0
  2308 ;;      Locals:         0       0       0       0       0       0       0       0       0
  2309 ;;      Temps:          2       0       0       0       0       0       0       0       0
  2310 ;;      Totals:         4       0       0       0       0       0       0       0       0
  2311 ;;Total ram usage:        4 bytes
  2312 ;; Hardware stack levels used: 1
  2313 ;; Hardware stack levels required when called: 1
  2314 ;; This function calls:
  2315 ;;		Nothing
  2316 ;; This function is called by:
  2317 ;;		_vfpfcnvrt
  2318 ;; This function uses a non-reentrant model
  2319 ;;
  2320                           
  2321                           	psect	text10
  2322   001348                     __ptext10:
  2323                           	callstack 0
  2324   001348                     _abs:
  2325                           	callstack 25
  2326   001348  BE1E               	btfsc	(abs@a+1)^0,7,c
  2327   00134A  EFA9  F009         	goto	u761
  2328   00134E  EFAB  F009         	goto	u760
  2329   001352                     u761:
  2330   001352  EFB1  F009         	goto	l971
  2331   001356                     u760:
  2332   001356  C01D  F01D         	movff	abs@a,?_abs
  2333   00135A  C01E  F01E         	movff	abs@a+1,?_abs+1
  2334   00135E  EFBD  F009         	goto	l974
  2335   001362                     l971:
  2336   001362  C01D  F01F         	movff	abs@a,??_abs
  2337   001366  C01E  F020         	movff	abs@a+1,??_abs+1
  2338   00136A  1E1F               	comf	??_abs^0,f,c
  2339   00136C  1E20               	comf	(??_abs+1)^0,f,c
  2340   00136E  4A1F               	infsnz	??_abs^0,f,c
  2341   001370  2A20               	incf	(??_abs+1)^0,f,c
  2342   001372  C01F  F01D         	movff	??_abs,?_abs
  2343   001376  C020  F01E         	movff	??_abs+1,?_abs+1
  2344   00137A                     l974:
  2345   00137A  0012               	return		;funcret
  2346   00137C                     __end_of_abs:
  2347                           	callstack 0
  2348                           
  2349 ;; *************** function ___awmod *****************
  2350 ;; Defined at:
  2351 ;;		line 7 in file "C:\Program Files\Microchip\xc8\v3.10\pic\sources\c99\common\awmod.c"
  2352 ;; Parameters:    Size  Location     Type
  2353 ;;  dividend        2   21[COMRAM] int 
  2354 ;;  divisor         2   23[COMRAM] int 
  2355 ;; Auto vars:     Size  Location     Type
  2356 ;;  sign            1   26[COMRAM] unsigned char 
  2357 ;;  counter         1   25[COMRAM] unsigned char 
  2358 ;; Return value:  Size  Location     Type
  2359 ;;                  2   21[COMRAM] int 
  2360 ;; Registers used:
  2361 ;;		wreg, status,2, status,0
  2362 ;; Tracked objects:
  2363 ;;		On entry : 0/0
  2364 ;;		On exit  : 0/0
  2365 ;;		Unchanged: 0/0
  2366 ;; Data sizes:     COMRAM   BANK0   BANK1   BANK2   BANK3   BANK4   BANK5   BANK6   BANK7
  2367 ;;      Params:         4       0       0       0       0       0       0       0       0
  2368 ;;      Locals:         2       0       0       0       0       0       0       0       0
  2369 ;;      Temps:          0       0       0       0       0       0       0       0       0
  2370 ;;      Totals:         6       0       0       0       0       0       0       0       0
  2371 ;;Total ram usage:        6 bytes
  2372 ;; Hardware stack levels used: 1
  2373 ;; Hardware stack levels required when called: 1
  2374 ;; This function calls:
  2375 ;;		Nothing
  2376 ;; This function is called by:
  2377 ;;		_Penalty
  2378 ;;		_main
  2379 ;;		_vfpfcnvrt
  2380 ;;		_Draw_Card_To_Screen
  2381 ;; This function uses a non-reentrant model
  2382 ;;
  2383                           
  2384                           	psect	text11
  2385   000EA8                     __ptext11:
  2386                           	callstack 0
  2387   000EA8                     ___awmod:
  2388                           	callstack 25
  2389   000EA8  6A1C               	clrf	___awmod@sign^0,c
  2390   000EAA  BE18               	btfsc	(___awmod@dividend+1)^0,7,c
  2391   000EAC  EF5C  F007         	goto	u660
  2392   000EB0  EF5A  F007         	goto	u661
  2393   000EB4                     u661:
  2394   000EB4  EF62  F007         	goto	l1459
  2395   000EB8                     u660:
  2396   000EB8  6C17               	negf	___awmod@dividend^0,c
  2397   000EBA  1E18               	comf	(___awmod@dividend+1)^0,f,c
  2398   000EBC  B0D8               	btfsc	status,0,c
  2399   000EBE  2A18               	incf	(___awmod@dividend+1)^0,f,c
  2400   000EC0  0E01               	movlw	1
  2401   000EC2  6E1C               	movwf	___awmod@sign^0,c
  2402   000EC4                     l1459:
  2403   000EC4  BE1A               	btfsc	(___awmod@divisor+1)^0,7,c
  2404   000EC6  EF69  F007         	goto	u670
  2405   000ECA  EF67  F007         	goto	u671
  2406   000ECE                     u671:
  2407   000ECE  EF6D  F007         	goto	l1463
  2408   000ED2                     u670:
  2409   000ED2  6C19               	negf	___awmod@divisor^0,c
  2410   000ED4  1E1A               	comf	(___awmod@divisor+1)^0,f,c
  2411   000ED6  B0D8               	btfsc	status,0,c
  2412   000ED8  2A1A               	incf	(___awmod@divisor+1)^0,f,c
  2413   000EDA                     l1463:
  2414   000EDA  5019               	movf	___awmod@divisor^0,w,c
  2415   000EDC  101A               	iorwf	(___awmod@divisor+1)^0,w,c
  2416   000EDE  B4D8               	btfsc	status,2,c
  2417   000EE0  EF74  F007         	goto	u681
  2418   000EE4  EF76  F007         	goto	u680
  2419   000EE8                     u681:
  2420   000EE8  EF9A  F007         	goto	l1479
  2421   000EEC                     u680:
  2422   000EEC  0E01               	movlw	1
  2423   000EEE  6E1B               	movwf	___awmod@counter^0,c
  2424   000EF0  EF7E  F007         	goto	l1469
  2425   000EF4                     l1467:
  2426   000EF4  90D8               	bcf	status,0,c
  2427   000EF6  3619               	rlcf	___awmod@divisor^0,f,c
  2428   000EF8  361A               	rlcf	(___awmod@divisor+1)^0,f,c
  2429   000EFA  2A1B               	incf	___awmod@counter^0,f,c
  2430   000EFC                     l1469:
  2431   000EFC  AE1A               	btfss	(___awmod@divisor+1)^0,7,c
  2432   000EFE  EF83  F007         	goto	u691
  2433   000F02  EF85  F007         	goto	u690
  2434   000F06                     u691:
  2435   000F06  EF7A  F007         	goto	l1467
  2436   000F0A                     u690:
  2437   000F0A                     l1471:
  2438   000F0A  5019               	movf	___awmod@divisor^0,w,c
  2439   000F0C  5C17               	subwf	___awmod@dividend^0,w,c
  2440   000F0E  501A               	movf	(___awmod@divisor+1)^0,w,c
  2441   000F10  5818               	subwfb	(___awmod@dividend+1)^0,w,c
  2442   000F12  A0D8               	btfss	status,0,c
  2443   000F14  EF8E  F007         	goto	u701
  2444   000F18  EF90  F007         	goto	u700
  2445   000F1C                     u701:
  2446   000F1C  EF94  F007         	goto	l1475
  2447   000F20                     u700:
  2448   000F20  5019               	movf	___awmod@divisor^0,w,c
  2449   000F22  5E17               	subwf	___awmod@dividend^0,f,c
  2450   000F24  501A               	movf	(___awmod@divisor+1)^0,w,c
  2451   000F26  5A18               	subwfb	(___awmod@dividend+1)^0,f,c
  2452   000F28                     l1475:
  2453   000F28  90D8               	bcf	status,0,c
  2454   000F2A  321A               	rrcf	(___awmod@divisor+1)^0,f,c
  2455   000F2C  3219               	rrcf	___awmod@divisor^0,f,c
  2456   000F2E  2E1B               	decfsz	___awmod@counter^0,f,c
  2457   000F30  EF85  F007         	goto	l1471
  2458   000F34                     l1479:
  2459   000F34  501C               	movf	___awmod@sign^0,w,c
  2460   000F36  B4D8               	btfsc	status,2,c
  2461   000F38  EFA0  F007         	goto	u711
  2462   000F3C  EFA2  F007         	goto	u710
  2463   000F40                     u711:
  2464   000F40  EFA6  F007         	goto	l1483
  2465   000F44                     u710:
  2466   000F44  6C17               	negf	___awmod@dividend^0,c
  2467   000F46  1E18               	comf	(___awmod@dividend+1)^0,f,c
  2468   000F48  B0D8               	btfsc	status,0,c
  2469   000F4A  2A18               	incf	(___awmod@dividend+1)^0,f,c
  2470   000F4C                     l1483:
  2471   000F4C  C017  F017         	movff	___awmod@dividend,?___awmod
  2472   000F50  C018  F018         	movff	___awmod@dividend+1,?___awmod+1
  2473   000F54  0012               	return		;funcret
  2474   000F56                     __end_of___awmod:
  2475                           	callstack 0
  2476                           
  2477 ;; *************** function ___awdiv *****************
  2478 ;; Defined at:
  2479 ;;		line 7 in file "C:\Program Files\Microchip\xc8\v3.10\pic\sources\c99\common\awdiv.c"
  2480 ;; Parameters:    Size  Location     Type
  2481 ;;  dividend        2    3[COMRAM] int 
  2482 ;;  divisor         2    5[COMRAM] int 
  2483 ;; Auto vars:     Size  Location     Type
  2484 ;;  quotient        2    9[COMRAM] int 
  2485 ;;  sign            1    8[COMRAM] unsigned char 
  2486 ;;  counter         1    7[COMRAM] unsigned char 
  2487 ;; Return value:  Size  Location     Type
  2488 ;;                  2    3[COMRAM] int 
  2489 ;; Registers used:
  2490 ;;		wreg, status,2, status,0
  2491 ;; Tracked objects:
  2492 ;;		On entry : 0/0
  2493 ;;		On exit  : 0/0
  2494 ;;		Unchanged: 0/0
  2495 ;; Data sizes:     COMRAM   BANK0   BANK1   BANK2   BANK3   BANK4   BANK5   BANK6   BANK7
  2496 ;;      Params:         4       0       0       0       0       0       0       0       0
  2497 ;;      Locals:         4       0       0       0       0       0       0       0       0
  2498 ;;      Temps:          0       0       0       0       0       0       0       0       0
  2499 ;;      Totals:         8       0       0       0       0       0       0       0       0
  2500 ;;Total ram usage:        8 bytes
  2501 ;; Hardware stack levels used: 1
  2502 ;; Hardware stack levels required when called: 1
  2503 ;; This function calls:
  2504 ;;		Nothing
  2505 ;; This function is called by:
  2506 ;;		_vfpfcnvrt
  2507 ;; This function uses a non-reentrant model
  2508 ;;
  2509                           
  2510                           	psect	text12
  2511   000DE8                     __ptext12:
  2512                           	callstack 0
  2513   000DE8                     ___awdiv:
  2514                           	callstack 25
  2515   000DE8  6A0A               	clrf	___awdiv@sign^0,c
  2516   000DEA  BE08               	btfsc	(___awdiv@divisor+1)^0,7,c
  2517   000DEC  EFFC  F006         	goto	u600
  2518   000DF0  EFFA  F006         	goto	u601
  2519   000DF4                     u601:
  2520   000DF4  EF02  F007         	goto	l1415
  2521   000DF8                     u600:
  2522   000DF8  6C07               	negf	___awdiv@divisor^0,c
  2523   000DFA  1E08               	comf	(___awdiv@divisor+1)^0,f,c
  2524   000DFC  B0D8               	btfsc	status,0,c
  2525   000DFE  2A08               	incf	(___awdiv@divisor+1)^0,f,c
  2526   000E00  0E01               	movlw	1
  2527   000E02  6E0A               	movwf	___awdiv@sign^0,c
  2528   000E04                     l1415:
  2529   000E04  BE06               	btfsc	(___awdiv@dividend+1)^0,7,c
  2530   000E06  EF09  F007         	goto	u610
  2531   000E0A  EF07  F007         	goto	u611
  2532   000E0E                     u611:
  2533   000E0E  EF0F  F007         	goto	l1421
  2534   000E12                     u610:
  2535   000E12  6C05               	negf	___awdiv@dividend^0,c
  2536   000E14  1E06               	comf	(___awdiv@dividend+1)^0,f,c
  2537   000E16  B0D8               	btfsc	status,0,c
  2538   000E18  2A06               	incf	(___awdiv@dividend+1)^0,f,c
  2539   000E1A  0E01               	movlw	1
  2540   000E1C  1A0A               	xorwf	___awdiv@sign^0,f,c
  2541   000E1E                     l1421:
  2542   000E1E  6A0C               	clrf	(___awdiv@quotient+1)^0,c
  2543   000E20  0E00               	movlw	0
  2544   000E22  6E0B               	movwf	___awdiv@quotient^0,c
  2545   000E24  5007               	movf	___awdiv@divisor^0,w,c
  2546   000E26  1008               	iorwf	(___awdiv@divisor+1)^0,w,c
  2547   000E28  B4D8               	btfsc	status,2,c
  2548   000E2A  EF19  F007         	goto	u621
  2549   000E2E  EF1B  F007         	goto	u620
  2550   000E32                     u621:
  2551   000E32  EF43  F007         	goto	l1443
  2552   000E36                     u620:
  2553   000E36  0E01               	movlw	1
  2554   000E38  6E09               	movwf	___awdiv@counter^0,c
  2555   000E3A  EF23  F007         	goto	l1429
  2556   000E3E                     l1427:
  2557   000E3E  90D8               	bcf	status,0,c
  2558   000E40  3607               	rlcf	___awdiv@divisor^0,f,c
  2559   000E42  3608               	rlcf	(___awdiv@divisor+1)^0,f,c
  2560   000E44  2A09               	incf	___awdiv@counter^0,f,c
  2561   000E46                     l1429:
  2562   000E46  AE08               	btfss	(___awdiv@divisor+1)^0,7,c
  2563   000E48  EF28  F007         	goto	u631
  2564   000E4C  EF2A  F007         	goto	u630
  2565   000E50                     u631:
  2566   000E50  EF1F  F007         	goto	l1427
  2567   000E54                     u630:
  2568   000E54                     l1431:
  2569   000E54  90D8               	bcf	status,0,c
  2570   000E56  360B               	rlcf	___awdiv@quotient^0,f,c
  2571   000E58  360C               	rlcf	(___awdiv@quotient+1)^0,f,c
  2572   000E5A  5007               	movf	___awdiv@divisor^0,w,c
  2573   000E5C  5C05               	subwf	___awdiv@dividend^0,w,c
  2574   000E5E  5008               	movf	(___awdiv@divisor+1)^0,w,c
  2575   000E60  5806               	subwfb	(___awdiv@dividend+1)^0,w,c
  2576   000E62  A0D8               	btfss	status,0,c
  2577   000E64  EF36  F007         	goto	u641
  2578   000E68  EF38  F007         	goto	u640
  2579   000E6C                     u641:
  2580   000E6C  EF3D  F007         	goto	l1439
  2581   000E70                     u640:
  2582   000E70  5007               	movf	___awdiv@divisor^0,w,c
  2583   000E72  5E05               	subwf	___awdiv@dividend^0,f,c
  2584   000E74  5008               	movf	(___awdiv@divisor+1)^0,w,c
  2585   000E76  5A06               	subwfb	(___awdiv@dividend+1)^0,f,c
  2586   000E78  800B               	bsf	___awdiv@quotient^0,0,c
  2587   000E7A                     l1439:
  2588   000E7A  90D8               	bcf	status,0,c
  2589   000E7C  3208               	rrcf	(___awdiv@divisor+1)^0,f,c
  2590   000E7E  3207               	rrcf	___awdiv@divisor^0,f,c
  2591   000E80  2E09               	decfsz	___awdiv@counter^0,f,c
  2592   000E82  EF2A  F007         	goto	l1431
  2593   000E86                     l1443:
  2594   000E86  500A               	movf	___awdiv@sign^0,w,c
  2595   000E88  B4D8               	btfsc	status,2,c
  2596   000E8A  EF49  F007         	goto	u651
  2597   000E8E  EF4B  F007         	goto	u650
  2598   000E92                     u651:
  2599   000E92  EF4F  F007         	goto	l1447
  2600   000E96                     u650:
  2601   000E96  6C0B               	negf	___awdiv@quotient^0,c
  2602   000E98  1E0C               	comf	(___awdiv@quotient+1)^0,f,c
  2603   000E9A  B0D8               	btfsc	status,0,c
  2604   000E9C  2A0C               	incf	(___awdiv@quotient+1)^0,f,c
  2605   000E9E                     l1447:
  2606   000E9E  C00B  F005         	movff	___awdiv@quotient,?___awdiv
  2607   000EA2  C00C  F006         	movff	___awdiv@quotient+1,?___awdiv+1
  2608   000EA6  0012               	return		;funcret
  2609   000EA8                     __end_of___awdiv:
  2610                           	callstack 0
  2611                           
  2612 ;; *************** function _rand *****************
  2613 ;; Defined at:
  2614 ;;		line 11 in file "C:\Program Files\Microchip\xc8\v3.10\pic\sources\c99\common\rand.c"
  2615 ;; Parameters:    Size  Location     Type
  2616 ;;		None
  2617 ;; Auto vars:     Size  Location     Type
  2618 ;;		None
  2619 ;; Return value:  Size  Location     Type
  2620 ;;                  2   15[COMRAM] int 
  2621 ;; Registers used:
  2622 ;;		wreg, status,2, status,0, cstack
  2623 ;; Tracked objects:
  2624 ;;		On entry : 0/0
  2625 ;;		On exit  : 0/0
  2626 ;;		Unchanged: 0/0
  2627 ;; Data sizes:     COMRAM   BANK0   BANK1   BANK2   BANK3   BANK4   BANK5   BANK6   BANK7
  2628 ;;      Params:         2       0       0       0       0       0       0       0       0
  2629 ;;      Locals:         0       0       0       0       0       0       0       0       0
  2630 ;;      Temps:          4       0       0       0       0       0       0       0       0
  2631 ;;      Totals:         6       0       0       0       0       0       0       0       0
  2632 ;;Total ram usage:        6 bytes
  2633 ;; Hardware stack levels used: 1
  2634 ;; Hardware stack levels required when called: 1
  2635 ;; This function calls:
  2636 ;;		___lmul
  2637 ;; This function is called by:
  2638 ;;		_Penalty
  2639 ;;		_main
  2640 ;;		_Draw_Card_To_Screen
  2641 ;; This function uses a non-reentrant model
  2642 ;;
  2643                           
  2644                           	psect	text13
  2645   001138                     __ptext13:
  2646                           	callstack 0
  2647   001138                     _rand:
  2648                           	callstack 28
  2649   001138  C0DD  F005         	movff	_seed,___lmul@multiplier
  2650   00113C  C0DE  F006         	movff	_seed+1,___lmul@multiplier+1
  2651   001140  C0DF  F007         	movff	_seed+2,___lmul@multiplier+2
  2652   001144  C0E0  F008         	movff	_seed+3,___lmul@multiplier+3
  2653   001148  0E2D               	movlw	45
  2654   00114A  6E09               	movwf	___lmul@multiplicand^0,c
  2655   00114C  0E7F               	movlw	127
  2656   00114E  6E0A               	movwf	(___lmul@multiplicand+1)^0,c
  2657   001150  0E95               	movlw	149
  2658   001152  6E0B               	movwf	(___lmul@multiplicand+2)^0,c
  2659   001154  0E4C               	movlw	76
  2660   001156  6E0C               	movwf	(___lmul@multiplicand+3)^0,c
  2661   001158  EC09  F009         	call	___lmul	;wreg free
  2662   00115C  0E01               	movlw	1
  2663   00115E  2405               	addwf	?___lmul^0,w,c
  2664   001160  0100               	movlb	0	; () banked
  2665   001162  6FDD               	movwf	_seed& (0+255),b
  2666   001164  0E00               	movlw	0
  2667   001166  2006               	addwfc	(?___lmul+1)^0,w,c
  2668   001168  6FDE               	movwf	(_seed+1)& (0+255),b
  2669   00116A  0E00               	movlw	0
  2670   00116C  2007               	addwfc	(?___lmul+2)^0,w,c
  2671   00116E  6FDF               	movwf	(_seed+2)& (0+255),b
  2672   001170  0E00               	movlw	0
  2673   001172  2008               	addwfc	(?___lmul+3)^0,w,c
  2674   001174  6FE0               	movwf	(_seed+3)& (0+255),b
  2675   001176                     
  2676                           ; BSR set to: 0
  2677   001176  C0DD  F013         	movff	_seed,??_rand
  2678   00117A  C0DE  F014         	movff	_seed+1,??_rand+1
  2679   00117E  C0DF  F015         	movff	_seed+2,??_rand+2
  2680   001182  C0E0  F016         	movff	_seed+3,??_rand+3
  2681   001186  0E12               	movlw	18
  2682   001188  EFCB  F008         	goto	u960
  2683   00118C                     u965:
  2684   00118C  90D8               	bcf	status,0,c
  2685   00118E  3216               	rrcf	(??_rand+3)^0,f,c
  2686   001190  3215               	rrcf	(??_rand+2)^0,f,c
  2687   001192  3214               	rrcf	(??_rand+1)^0,f,c
  2688   001194  3213               	rrcf	??_rand^0,f,c
  2689   001196                     u960:
  2690   001196  2EE8               	decfsz	wreg,f,c
  2691   001198  EFC6  F008         	goto	u965
  2692   00119C  C013  F011         	movff	??_rand,?_rand
  2693   0011A0  C014  F012         	movff	??_rand+1,?_rand+1
  2694   0011A4                     
  2695                           ; BSR set to: 0
  2696   0011A4  0012               	return		;funcret
  2697   0011A6                     __end_of_rand:
  2698                           	callstack 0
  2699                           
  2700 ;; *************** function ___lmul *****************
  2701 ;; Defined at:
  2702 ;;		line 15 in file "C:\Program Files\Microchip\xc8\v3.10\pic\sources\c99\common\Umul32.c"
  2703 ;; Parameters:    Size  Location     Type
  2704 ;;  multiplier      4    3[COMRAM] unsigned long 
  2705 ;;  multiplicand    4    7[COMRAM] unsigned long 
  2706 ;; Auto vars:     Size  Location     Type
  2707 ;;  product         4   11[COMRAM] unsigned long 
  2708 ;; Return value:  Size  Location     Type
  2709 ;;                  4    3[COMRAM] unsigned long 
  2710 ;; Registers used:
  2711 ;;		wreg, status,2, status,0
  2712 ;; Tracked objects:
  2713 ;;		On entry : 0/0
  2714 ;;		On exit  : 0/0
  2715 ;;		Unchanged: 0/0
  2716 ;; Data sizes:     COMRAM   BANK0   BANK1   BANK2   BANK3   BANK4   BANK5   BANK6   BANK7
  2717 ;;      Params:         8       0       0       0       0       0       0       0       0
  2718 ;;      Locals:         4       0       0       0       0       0       0       0       0
  2719 ;;      Temps:          0       0       0       0       0       0       0       0       0
  2720 ;;      Totals:        12       0       0       0       0       0       0       0       0
  2721 ;;Total ram usage:       12 bytes
  2722 ;; Hardware stack levels used: 1
  2723 ;; Hardware stack levels required when called: 1
  2724 ;; This function calls:
  2725 ;;		Nothing
  2726 ;; This function is called by:
  2727 ;;		_rand
  2728 ;; This function uses a non-reentrant model
  2729 ;;
  2730                           
  2731                           	psect	text14
  2732   001212                     __ptext14:
  2733                           	callstack 0
  2734   001212                     ___lmul:
  2735                           	callstack 27
  2736   001212  0E00               	movlw	0
  2737   001214  6E0D               	movwf	___lmul@product^0,c
  2738   001216  0E00               	movlw	0
  2739   001218  6E0E               	movwf	(___lmul@product+1)^0,c
  2740   00121A  0E00               	movlw	0
  2741   00121C  6E0F               	movwf	(___lmul@product+2)^0,c
  2742   00121E  0E00               	movlw	0
  2743   001220  6E10               	movwf	(___lmul@product+3)^0,c
  2744   001222                     l1557:
  2745   001222  A005               	btfss	___lmul@multiplier^0,0,c
  2746   001224  EF16  F009         	goto	u871
  2747   001228  EF18  F009         	goto	u870
  2748   00122C                     u871:
  2749   00122C  EF20  F009         	goto	l1561
  2750   001230                     u870:
  2751   001230  5009               	movf	___lmul@multiplicand^0,w,c
  2752   001232  260D               	addwf	___lmul@product^0,f,c
  2753   001234  500A               	movf	(___lmul@multiplicand+1)^0,w,c
  2754   001236  220E               	addwfc	(___lmul@product+1)^0,f,c
  2755   001238  500B               	movf	(___lmul@multiplicand+2)^0,w,c
  2756   00123A  220F               	addwfc	(___lmul@product+2)^0,f,c
  2757   00123C  500C               	movf	(___lmul@multiplicand+3)^0,w,c
  2758   00123E  2210               	addwfc	(___lmul@product+3)^0,f,c
  2759   001240                     l1561:
  2760   001240  90D8               	bcf	status,0,c
  2761   001242  3609               	rlcf	___lmul@multiplicand^0,f,c
  2762   001244  360A               	rlcf	(___lmul@multiplicand+1)^0,f,c
  2763   001246  360B               	rlcf	(___lmul@multiplicand+2)^0,f,c
  2764   001248  360C               	rlcf	(___lmul@multiplicand+3)^0,f,c
  2765   00124A  90D8               	bcf	status,0,c
  2766   00124C  3208               	rrcf	(___lmul@multiplier+3)^0,f,c
  2767   00124E  3207               	rrcf	(___lmul@multiplier+2)^0,f,c
  2768   001250  3206               	rrcf	(___lmul@multiplier+1)^0,f,c
  2769   001252  3205               	rrcf	___lmul@multiplier^0,f,c
  2770   001254  5005               	movf	___lmul@multiplier^0,w,c
  2771   001256  1006               	iorwf	(___lmul@multiplier+1)^0,w,c
  2772   001258  1007               	iorwf	(___lmul@multiplier+2)^0,w,c
  2773   00125A  1008               	iorwf	(___lmul@multiplier+3)^0,w,c
  2774   00125C  A4D8               	btfss	status,2,c
  2775   00125E  EF33  F009         	goto	u881
  2776   001262  EF35  F009         	goto	u880
  2777   001266                     u881:
  2778   001266  EF11  F009         	goto	l1557
  2779   00126A                     u880:
  2780   00126A  C00D  F005         	movff	___lmul@product,?___lmul
  2781   00126E  C00E  F006         	movff	___lmul@product+1,?___lmul+1
  2782   001272  C00F  F007         	movff	___lmul@product+2,?___lmul+2
  2783   001276  C010  F008         	movff	___lmul@product+3,?___lmul+3
  2784   00127A  0012               	return		;funcret
  2785   00127C                     __end_of___lmul:
  2786                           	callstack 0
  2787                           
  2788 ;; *************** function _Next_Send *****************
  2789 ;; Defined at:
  2790 ;;		line 60 in file "blackjack.c"
  2791 ;; Parameters:    Size  Location     Type
  2792 ;;  cmd             2    3[COMRAM] PTR const unsigned char 
  2793 ;;		 -> STR_11(26), STR_10(25), main@cmd_422(32), STR_8(30), 
  2794 ;;		 -> main@cmd(32), STR_6(26), STR_5(16), STR_4(17), 
  2795 ;;		 -> STR_3(17), Penalty@l_cmd(16), Draw_Card_To_Screen@cmd(32), 
  2796 ;; Auto vars:     Size  Location     Type
  2797 ;;  i               2    5[COMRAM] int 
  2798 ;; Return value:  Size  Location     Type
  2799 ;;                  1    wreg      void 
  2800 ;; Registers used:
  2801 ;;		wreg, fsr1l, fsr1h, status,2, status,0, tblptrl, tblptrh, tblptru
  2802 ;; Tracked objects:
  2803 ;;		On entry : 0/0
  2804 ;;		On exit  : 0/0
  2805 ;;		Unchanged: 0/0
  2806 ;; Data sizes:     COMRAM   BANK0   BANK1   BANK2   BANK3   BANK4   BANK5   BANK6   BANK7
  2807 ;;      Params:         2       0       0       0       0       0       0       0       0
  2808 ;;      Locals:         2       0       0       0       0       0       0       0       0
  2809 ;;      Temps:          0       0       0       0       0       0       0       0       0
  2810 ;;      Totals:         4       0       0       0       0       0       0       0       0
  2811 ;;Total ram usage:        4 bytes
  2812 ;; Hardware stack levels used: 1
  2813 ;; Hardware stack levels required when called: 1
  2814 ;; This function calls:
  2815 ;;		Nothing
  2816 ;; This function is called by:
  2817 ;;		_Penalty
  2818 ;;		_Reset_Round
  2819 ;;		_main
  2820 ;;		_Draw_Card_To_Screen
  2821 ;; This function uses a non-reentrant model
  2822 ;;
  2823                           
  2824                           	psect	text15
  2825   001000                     __ptext15:
  2826                           	callstack 0
  2827   001000                     _Next_Send:
  2828                           	callstack 28
  2829   001000                     
  2830                           ;blackjack.c: 61:     while(*cmd){
  2831   001000  EF1C  F008         	goto	l1581
  2832   001004                     l52:
  2833   001004  A89E               	btfss	158,4,c	;volatile
  2834   001006  EF07  F008         	goto	u901
  2835   00100A  EF09  F008         	goto	u900
  2836   00100E                     u901:
  2837   00100E  EF02  F008         	goto	l52
  2838   001012                     u900:
  2839   001012                     
  2840                           ;blackjack.c: 63:         TXREG = *cmd++;
  2841   001012  C005  FFF6         	movff	Next_Send@cmd,tblptrl
  2842   001016  C006  FFF7         	movff	Next_Send@cmd+1,tblptrh
  2843   00101A  6AF8               	clrf	tblptru,c
  2844   00101C  0E07               	movlw	(high __ramtop+-1)
  2845   00101E  64F7               	cpfsgt	tblptrh,c
  2846   001020  D003               	bra	u917
  2847   001022  0008               	tblrd		*
  2848   001024  50F5               	movf	tablat,w,c
  2849   001026  D005               	bra	u910
  2850   001028                     u917:
  2851   001028  CFF6 FFE1          	movff	tblptrl,fsr1l
  2852   00102C  CFF7 FFE2          	movff	tblptrh,fsr1h
  2853   001030  50E7               	movf	indf1,w,c
  2854   001032                     u910:
  2855   001032  6EAD               	movwf	173,c	;volatile
  2856   001034  4A05               	infsnz	Next_Send@cmd^0,f,c
  2857   001036  2A06               	incf	(Next_Send@cmd+1)^0,f,c
  2858   001038                     l1581:
  2859                           
  2860                           ;blackjack.c: 61:     while(*cmd){
  2861   001038  C005  FFF6         	movff	Next_Send@cmd,tblptrl
  2862   00103C  C006  FFF7         	movff	Next_Send@cmd+1,tblptrh
  2863   001040  6AF8               	clrf	tblptru,c
  2864   001042  0E07               	movlw	(high __ramtop+-1)
  2865   001044  64F7               	cpfsgt	tblptrh,c
  2866   001046  D003               	bra	u927
  2867   001048  0008               	tblrd		*
  2868   00104A  50F5               	movf	tablat,w,c
  2869   00104C  D005               	bra	u920
  2870   00104E                     u927:
  2871   00104E  CFF6 FFE1          	movff	tblptrl,fsr1l
  2872   001052  CFF7 FFE2          	movff	tblptrh,fsr1h
  2873   001056  50E7               	movf	indf1,w,c
  2874   001058                     u920:
  2875   001058  0900               	iorlw	0
  2876   00105A  A4D8               	btfss	status,2,c
  2877   00105C  EF32  F008         	goto	u931
  2878   001060  EF34  F008         	goto	u930
  2879   001064                     u931:
  2880   001064  EF02  F008         	goto	l52
  2881   001068                     u930:
  2882   001068                     
  2883                           ;blackjack.c: 66:     for(int i = 0; i < 3; i++){
  2884   001068  6A08               	clrf	(Next_Send@i+1)^0,c
  2885   00106A  0E00               	movlw	0
  2886   00106C  6E07               	movwf	Next_Send@i^0,c
  2887   00106E                     l58:
  2888   00106E  A89E               	btfss	158,4,c	;volatile
  2889   001070  EF3C  F008         	goto	u941
  2890   001074  EF3E  F008         	goto	u940
  2891   001078                     u941:
  2892   001078  EF37  F008         	goto	l58
  2893   00107C                     u940:
  2894   00107C                     
  2895                           ;blackjack.c: 68:         TXREG = 0xFF;
  2896   00107C  68AD               	setf	173,c	;volatile
  2897   00107E                     
  2898                           ;blackjack.c: 69:     }
  2899   00107E  4A07               	infsnz	Next_Send@i^0,f,c
  2900   001080  2A08               	incf	(Next_Send@i+1)^0,f,c
  2901   001082  BE08               	btfsc	(Next_Send@i+1)^0,7,c
  2902   001084  EF4D  F008         	goto	u951
  2903   001088  5008               	movf	(Next_Send@i+1)^0,w,c
  2904   00108A  E109               	bnz	u950
  2905   00108C  0E03               	movlw	3
  2906   00108E  5C07               	subwf	Next_Send@i^0,w,c
  2907   001090  A0D8               	btfss	status,0,c
  2908   001092  EF4D  F008         	goto	u951
  2909   001096  EF4F  F008         	goto	u950
  2910   00109A                     u951:
  2911   00109A  EF37  F008         	goto	l58
  2912   00109E                     u950:
  2913   00109E  0012               	return		;funcret
  2914   0010A0                     __end_of_Next_Send:
  2915                           	callstack 0
  2916                           
  2917 ;; *************** function _Get_Key *****************
  2918 ;; Defined at:
  2919 ;;		line 73 in file "blackjack.c"
  2920 ;; Parameters:    Size  Location     Type
  2921 ;;		None
  2922 ;; Auto vars:     Size  Location     Type
  2923 ;;  r               2   21[COMRAM] int 
  2924 ;;  keys           16    5[COMRAM] unsigned char [4][4]
  2925 ;; Return value:  Size  Location     Type
  2926 ;;                  1    wreg      unsigned char 
  2927 ;; Registers used:
  2928 ;;		wreg, fsr1l, fsr1h, fsr2l, fsr2h, status,2, status,0, prodl, prodh
  2929 ;; Tracked objects:
  2930 ;;		On entry : 0/0
  2931 ;;		On exit  : 0/0
  2932 ;;		Unchanged: 0/0
  2933 ;; Data sizes:     COMRAM   BANK0   BANK1   BANK2   BANK3   BANK4   BANK5   BANK6   BANK7
  2934 ;;      Params:         0       0       0       0       0       0       0       0       0
  2935 ;;      Locals:        18       0       0       0       0       0       0       0       0
  2936 ;;      Temps:          2       0       0       0       0       0       0       0       0
  2937 ;;      Totals:        20       0       0       0       0       0       0       0       0
  2938 ;;Total ram usage:       20 bytes
  2939 ;; Hardware stack levels used: 1
  2940 ;; Hardware stack levels required when called: 1
  2941 ;; This function calls:
  2942 ;;		Nothing
  2943 ;; This function is called by:
  2944 ;;		_main
  2945 ;; This function uses a non-reentrant model
  2946 ;;
  2947                           
  2948                           	psect	text16
  2949   000CE6                     __ptext16:
  2950                           	callstack 0
  2951   000CE6                     _Get_Key:
  2952                           	callstack 29
  2953   000CE6                     
  2954                           ;blackjack.c: 74:     char keys[4][4] =
  2955   000CE6  EE20  F0CC         	lfsr	2,Get_Key@F3669
  2956   000CEA  EE10  F007         	lfsr	1,Get_Key@keys
  2957   000CEE  0E0F               	movlw	15
  2958   000CF0                     u971:
  2959   000CF0  CFDB FFE3          	movff	plusw2,plusw1
  2960   000CF4  06E8               	decf	wreg,f,c
  2961   000CF6  E2FC               	bc	u971
  2962   000CF8                     
  2963                           ;blackjack.c: 79:     for(int r=0; r<4; r++) {
  2964   000CF8  6A18               	clrf	(Get_Key@r+1)^0,c
  2965   000CFA  0E00               	movlw	0
  2966   000CFC  6E17               	movwf	Get_Key@r^0,c
  2967   000CFE                     l1619:
  2968   000CFE  BE18               	btfsc	(Get_Key@r+1)^0,7,c
  2969   000D00  EF8B  F006         	goto	u981
  2970   000D04  5018               	movf	(Get_Key@r+1)^0,w,c
  2971   000D06  E109               	bnz	u980
  2972   000D08  0E04               	movlw	4
  2973   000D0A  5C17               	subwf	Get_Key@r^0,w,c
  2974   000D0C  A0D8               	btfss	status,0,c
  2975   000D0E  EF8B  F006         	goto	u981
  2976   000D12  EF8D  F006         	goto	u980
  2977   000D16                     u981:
  2978   000D16  EF8F  F006         	goto	l1623
  2979   000D1A                     u980:
  2980   000D1A  EFF2  F006         	goto	l1649
  2981   000D1E                     l1623:
  2982                           
  2983                           ;blackjack.c: 80:         LATB = ~(1 << r);
  2984   000D1E  C017  F005         	movff	Get_Key@r,??_Get_Key
  2985   000D22  0E01               	movlw	1
  2986   000D24  6E06               	movwf	(??_Get_Key+1)^0,c
  2987   000D26  2A05               	incf	??_Get_Key^0,f,c
  2988   000D28  EF98  F006         	goto	u994
  2989   000D2C                     u995:
  2990   000D2C  90D8               	bcf	status,0,c
  2991   000D2E  3606               	rlcf	(??_Get_Key+1)^0,f,c
  2992   000D30                     u994:
  2993   000D30  2E05               	decfsz	??_Get_Key^0,f,c
  2994   000D32  EF96  F006         	goto	u995
  2995   000D36  5006               	movf	(??_Get_Key+1)^0,w,c
  2996   000D38  0AFF               	xorlw	255
  2997   000D3A  6E8A               	movwf	138,c	;volatile
  2998   000D3C                     
  2999                           ;blackjack.c: 81:         _delay((unsigned long)((10)*(20000000/4000000.0)));
  3000   000D3C  0E10               	movlw	16
  3001   000D3E                     u1317:
  3002   000D3E  2EE8               	decfsz	wreg,f,c
  3003   000D40  D7FE               	bra	u1317
  3004   000D42  D000               	nop2	
  3005   000D44                     
  3006                           ;blackjack.c: 82:         if(!PORTBbits.RB4) return keys[r][0];
  3007   000D44  B881               	btfsc	129,4,c	;volatile
  3008   000D46  EFA7  F006         	goto	u1001
  3009   000D4A  EFA9  F006         	goto	u1000
  3010   000D4E                     u1001:
  3011   000D4E  EFB2  F006         	goto	l68
  3012   000D52                     u1000:
  3013   000D52  5017               	movf	Get_Key@r^0,w,c
  3014   000D54  0D04               	mullw	4
  3015   000D56  50F3               	movf	243,w,c
  3016   000D58  0F07               	addlw	low Get_Key@keys
  3017   000D5A  6ED9               	movwf	fsr2l,c
  3018   000D5C  6ADA               	clrf	fsr2h,c
  3019   000D5E  50DF               	movf	indf2,w,c
  3020   000D60  EFF3  F006         	goto	l69
  3021   000D64                     l68:
  3022                           
  3023                           ;blackjack.c: 83:         if(!PORTBbits.RB5) return keys[r][1];
  3024   000D64  BA81               	btfsc	129,5,c	;volatile
  3025   000D66  EFB7  F006         	goto	u1011
  3026   000D6A  EFB9  F006         	goto	u1010
  3027   000D6E                     u1011:
  3028   000D6E  EFC6  F006         	goto	l70
  3029   000D72                     u1010:
  3030   000D72  5017               	movf	Get_Key@r^0,w,c
  3031   000D74  0D04               	mullw	4
  3032   000D76  CFF3 F005          	movff	prodl,??_Get_Key
  3033   000D7A  0E01               	movlw	1
  3034   000D7C  2605               	addwf	??_Get_Key^0,f,c
  3035   000D7E  5005               	movf	??_Get_Key^0,w,c
  3036   000D80  0F07               	addlw	low Get_Key@keys
  3037   000D82  6ED9               	movwf	fsr2l,c
  3038   000D84  6ADA               	clrf	fsr2h,c
  3039   000D86  50DF               	movf	indf2,w,c
  3040   000D88  EFF3  F006         	goto	l69
  3041   000D8C                     l70:
  3042                           
  3043                           ;blackjack.c: 84:         if(!PORTBbits.RB6) return keys[r][2];
  3044   000D8C  BC81               	btfsc	129,6,c	;volatile
  3045   000D8E  EFCB  F006         	goto	u1021
  3046   000D92  EFCD  F006         	goto	u1020
  3047   000D96                     u1021:
  3048   000D96  EFDA  F006         	goto	l71
  3049   000D9A                     u1020:
  3050   000D9A  5017               	movf	Get_Key@r^0,w,c
  3051   000D9C  0D04               	mullw	4
  3052   000D9E  CFF3 F005          	movff	prodl,??_Get_Key
  3053   000DA2  0E02               	movlw	2
  3054   000DA4  2605               	addwf	??_Get_Key^0,f,c
  3055   000DA6  5005               	movf	??_Get_Key^0,w,c
  3056   000DA8  0F07               	addlw	low Get_Key@keys
  3057   000DAA  6ED9               	movwf	fsr2l,c
  3058   000DAC  6ADA               	clrf	fsr2h,c
  3059   000DAE  50DF               	movf	indf2,w,c
  3060   000DB0  EFF3  F006         	goto	l69
  3061   000DB4                     l71:
  3062                           
  3063                           ;blackjack.c: 85:         if(!PORTBbits.RB7) return keys[r][3];
  3064   000DB4  BE81               	btfsc	129,7,c	;volatile
  3065   000DB6  EFDF  F006         	goto	u1031
  3066   000DBA  EFE1  F006         	goto	u1030
  3067   000DBE                     u1031:
  3068   000DBE  EFEE  F006         	goto	l1645
  3069   000DC2                     u1030:
  3070   000DC2  5017               	movf	Get_Key@r^0,w,c
  3071   000DC4  0D04               	mullw	4
  3072   000DC6  CFF3 F005          	movff	prodl,??_Get_Key
  3073   000DCA  0E03               	movlw	3
  3074   000DCC  2605               	addwf	??_Get_Key^0,f,c
  3075   000DCE  5005               	movf	??_Get_Key^0,w,c
  3076   000DD0  0F07               	addlw	low Get_Key@keys
  3077   000DD2  6ED9               	movwf	fsr2l,c
  3078   000DD4  6ADA               	clrf	fsr2h,c
  3079   000DD6  50DF               	movf	indf2,w,c
  3080   000DD8  EFF3  F006         	goto	l69
  3081   000DDC                     l1645:
  3082                           
  3083                           ;blackjack.c: 86:     }
  3084   000DDC  4A17               	infsnz	Get_Key@r^0,f,c
  3085   000DDE  2A18               	incf	(Get_Key@r+1)^0,f,c
  3086   000DE0  EF7F  F006         	goto	l1619
  3087   000DE4                     l1649:
  3088                           
  3089                           ;blackjack.c: 87:     return 0;
  3090   000DE4  0E00               	movlw	0
  3091   000DE6                     l69:
  3092   000DE6  0012               	return		;funcret
  3093   000DE8                     __end_of_Get_Key:
  3094                           	callstack 0
  3095                           
  3096 ;; *************** function _ISR *****************
  3097 ;; Defined at:
  3098 ;;		line 94 in file "blackjack.c"
  3099 ;; Parameters:    Size  Location     Type
  3100 ;;		None
  3101 ;; Auto vars:     Size  Location     Type
  3102 ;;		None
  3103 ;; Return value:  Size  Location     Type
  3104 ;;                  1    wreg      void 
  3105 ;; Registers used:
  3106 ;;		wreg, status,2, status,0
  3107 ;; Tracked objects:
  3108 ;;		On entry : 0/0
  3109 ;;		On exit  : 0/0
  3110 ;;		Unchanged: 0/0
  3111 ;; Data sizes:     COMRAM   BANK0   BANK1   BANK2   BANK3   BANK4   BANK5   BANK6   BANK7
  3112 ;;      Params:         0       0       0       0       0       0       0       0       0
  3113 ;;      Locals:         0       0       0       0       0       0       0       0       0
  3114 ;;      Temps:          3       0       0       0       0       0       0       0       0
  3115 ;;      Totals:         3       0       0       0       0       0       0       0       0
  3116 ;;Total ram usage:        3 bytes
  3117 ;; Hardware stack levels used: 1
  3118 ;; This function calls:
  3119 ;;		Nothing
  3120 ;; This function is called by:
  3121 ;;		Interrupt level 2
  3122 ;; This function uses a non-reentrant model
  3123 ;;
  3124                           
  3125                           	psect	intcode
  3126   000008                     __pintcode:
  3127                           	callstack 0
  3128   000008                     _ISR:
  3129                           	callstack 24
  3130                           
  3131                           ;incstack = 0
  3132   000008  8201               	bsf	int$flags,1,c	;set compiler interrupt flag (level 2)
  3133   00000A  EDD3  F008         	call	int_func,f	;refresh shadow registers
  3134                           
  3135                           	psect	intcode_body
  3136   0011A6                     __pintcode_body:
  3137                           	callstack 24
  3138   0011A6                     int_func:
  3139                           	callstack 24
  3140   0011A6  0006               	pop		; remove dummy address from shadow register refresh
  3141   0011A8                     
  3142                           ;blackjack.c: 95:     if(PIR1bits.TMR1IF) {
  3143   0011A8  A09E               	btfss	158,0,c	;volatile
  3144   0011AA  EFD9  F008         	goto	i2u46_41
  3145   0011AE  EFDB  F008         	goto	i2u46_40
  3146   0011B2                     i2u46_41:
  3147   0011B2  EF07  F009         	goto	i2l89
  3148   0011B6                     i2u46_40:
  3149   0011B6                     
  3150                           ;blackjack.c: 96:         static uint16_t c = 0;;blackjack.c: 97:         LATCbits.LATC2
      +                           = (c < servo_pos);
  3151   0011B6  505C               	movf	_servo_pos^0,w,c	;volatile
  3152   0011B8  6E02               	movwf	??_ISR^0,c
  3153   0011BA  6A03               	clrf	(??_ISR+1)^0,c
  3154   0011BC  5002               	movf	??_ISR^0,w,c
  3155   0011BE  5C59               	subwf	ISR@c^0,w,c
  3156   0011C0  5003               	movf	(??_ISR+1)^0,w,c
  3157   0011C2  585A               	subwfb	(ISR@c+1)^0,w,c
  3158   0011C4  A0D8               	btfss	status,0,c
  3159   0011C6  EFE7  F008         	goto	i2u47_41
  3160   0011CA  EFEB  F008         	goto	i2u47_40
  3161   0011CE                     i2u47_41:
  3162   0011CE  6A04               	clrf	(??_ISR+2)^0,c
  3163   0011D0  2A04               	incf	(??_ISR+2)^0,f,c
  3164   0011D2  EFEC  F008         	goto	i2u48_48
  3165   0011D6                     i2u47_40:
  3166   0011D6  6A04               	clrf	(??_ISR+2)^0,c
  3167   0011D8                     i2u48_48:
  3168   0011D8  4604               	rlncf	(??_ISR+2)^0,f,c
  3169   0011DA  4604               	rlncf	(??_ISR+2)^0,f,c
  3170   0011DC  508B               	movf	139,w,c	;volatile
  3171   0011DE  1804               	xorwf	(??_ISR+2)^0,w,c
  3172   0011E0  0BFB               	andlw	-5
  3173   0011E2  1804               	xorwf	(??_ISR+2)^0,w,c
  3174   0011E4  6E8B               	movwf	139,c	;volatile
  3175                           
  3176                           ;blackjack.c: 98:         if(++c >= 200) c = 0;
  3177   0011E6  4A59               	infsnz	ISR@c^0,f,c
  3178   0011E8  2A5A               	incf	(ISR@c+1)^0,f,c
  3179   0011EA  505A               	movf	(ISR@c+1)^0,w,c
  3180   0011EC  E109               	bnz	i2u49_40
  3181   0011EE  0EC8               	movlw	200
  3182   0011F0  5C59               	subwf	ISR@c^0,w,c
  3183   0011F2  A0D8               	btfss	status,0,c
  3184   0011F4  EFFE  F008         	goto	i2u49_41
  3185   0011F8  EF00  F009         	goto	i2u49_40
  3186   0011FC                     i2u49_41:
  3187   0011FC  EF03  F009         	goto	i2l1281
  3188   001200                     i2u49_40:
  3189   001200  6A5A               	clrf	(ISR@c+1)^0,c
  3190   001202  0E00               	movlw	0
  3191   001204  6E59               	movwf	ISR@c^0,c
  3192   001206                     i2l1281:
  3193                           
  3194                           ;blackjack.c: 99:         TMR1H = 0xFF; TMR1L = 0x38; PIR1bits.TMR1IF = 0;
  3195   001206  68CF               	setf	207,c	;volatile
  3196   001208  0E38               	movlw	56
  3197   00120A  6ECE               	movwf	206,c	;volatile
  3198   00120C  909E               	bcf	158,0,c	;volatile
  3199   00120E                     i2l89:
  3200   00120E  9201               	bcf	int$flags,1,c	;clear compiler interrupt flag (level 2)
  3201   001210  0011               	retfie		f
  3202   001212                     __end_of_ISR:
  3203                           	callstack 0
  3204                           
  3205                           	psect	rparam
  3206   000001                     ___rparam_used  equ	1
  3207   000000                     ___param_bank   equ	0
  3208   000000                     __Lparam        equ	__Lrparam
  3209   000000                     __Hparam        equ	__Hrparam
  3210   000001                     btemp           set	1	;btemp
  3211   000001                     int$flags       set	1
  3212   000001                     btemp0          set	1
  3213   000002                     btemp1          set	2
  3214                           
  3215                           	psect	config
  3216                           
  3217                           ;Config register CONFIG1L @ 0x300000
  3218                           ;	unspecified, using default values
  3219                           ;	PLL Prescaler Selection bits
  3220                           ;	PLLDIV = 0x0, unprogrammed default
  3221                           ;	System Clock Postscaler Selection bits
  3222                           ;	CPUDIV = 0x0, unprogrammed default
  3223                           ;	USB Clock Selection bit (used in Full-Speed USB mode only; UCFG:FSEN = 1)
  3224                           ;	USBDIV = 0x0, unprogrammed default
  3225   300000                     	org	3145728
  3226   300000  00                 	db	0
  3227                           
  3228                           ;Config register CONFIG1H @ 0x300001
  3229                           ;	Oscillator Selection bits
  3230                           ;	FOSC = HS, HS oscillator (HS)
  3231                           ;	Fail-Safe Clock Monitor Enable bit
  3232                           ;	FCMEN = 0x0, unprogrammed default
  3233                           ;	Internal/External Oscillator Switchover bit
  3234                           ;	IESO = 0x0, unprogrammed default
  3235   300001                     	org	3145729
  3236   300001  0C                 	db	12
  3237                           
  3238                           ;Config register CONFIG2L @ 0x300002
  3239                           ;	unspecified, using default values
  3240                           ;	Power-up Timer Enable bit
  3241                           ;	PWRT = 0x1, unprogrammed default
  3242                           ;	Brown-out Reset Enable bits
  3243                           ;	BOR = 0x3, unprogrammed default
  3244                           ;	Brown-out Reset Voltage bits
  3245                           ;	BORV = 0x3, unprogrammed default
  3246                           ;	USB Voltage Regulator Enable bit
  3247                           ;	VREGEN = 0x0, unprogrammed default
  3248   300002                     	org	3145730
  3249   300002  1F                 	db	31
  3250                           
  3251                           ;Config register CONFIG2H @ 0x300003
  3252                           ;	Watchdog Timer Enable bit
  3253                           ;	WDT = OFF, WDT disabled (control is placed on the SWDTEN bit)
  3254                           ;	Watchdog Timer Postscale Select bits
  3255                           ;	WDTPS = 0xF, unprogrammed default
  3256   300003                     	org	3145731
  3257   300003  1E                 	db	30
  3258                           
  3259                           ; Padding undefined space
  3260   300004                     	org	3145732
  3261   300004  FF                 	db	255
  3262                           
  3263                           ;Config register CONFIG3H @ 0x300005
  3264                           ;	CCP2 MUX bit
  3265                           ;	CCP2MX = 0x1, unprogrammed default
  3266                           ;	PORTB A/D Enable bit
  3267                           ;	PBADEN = OFF, PORTB<4:0> pins are configured as digital I/O on Reset
  3268                           ;	Low-Power Timer 1 Oscillator Enable bit
  3269                           ;	LPT1OSC = 0x0, unprogrammed default
  3270                           ;	MCLR Pin Enable bit
  3271                           ;	MCLRE = 0x1, unprogrammed default
  3272   300005                     	org	3145733
  3273   300005  81                 	db	129
  3274                           
  3275                           ;Config register CONFIG4L @ 0x300006
  3276                           ;	Stack Full/Underflow Reset Enable bit
  3277                           ;	STVREN = 0x1, unprogrammed default
  3278                           ;	Single-Supply ICSP Enable bit
  3279                           ;	LVP = OFF, Single-Supply ICSP disabled
  3280                           ;	Dedicated In-Circuit Debug/Programming Port (ICPORT) Enable bit
  3281                           ;	ICPRT = 0x0, unprogrammed default
  3282                           ;	Extended Instruction Set Enable bit
  3283                           ;	XINST = 0x0, unprogrammed default
  3284                           ;	Background Debugger Enable bit
  3285                           ;	DEBUG = 0x1, unprogrammed default
  3286   300006                     	org	3145734
  3287   300006  81                 	db	129
  3288                           
  3289                           ; Padding undefined space
  3290   300007                     	org	3145735
  3291   300007  FF                 	db	255
  3292                           tosu	equ	0xFFF
  3293                           tosh	equ	0xFFE
  3294                           tosl	equ	0xFFD
  3295                           stkptr	equ	0xFFC
  3296                           pclatu	equ	0xFFB
  3297                           pclath	equ	0xFFA
  3298                           pcl	equ	0xFF9
  3299                           tblptru	equ	0xFF8
  3300                           tblptrh	equ	0xFF7
  3301                           tblptrl	equ	0xFF6
  3302                           tablat	equ	0xFF5
  3303                           prodh	equ	0xFF4
  3304                           prodl	equ	0xFF3
  3305                           indf0	equ	0xFEF
  3306                           postinc0	equ	0xFEE
  3307                           postdec0	equ	0xFED
  3308                           preinc0	equ	0xFEC
  3309                           plusw0	equ	0xFEB
  3310                           fsr0h	equ	0xFEA
  3311                           fsr0l	equ	0xFE9
  3312                           wreg	equ	0xFE8
  3313                           indf1	equ	0xFE7
  3314                           postinc1	equ	0xFE6
  3315                           postdec1	equ	0xFE5
  3316                           preinc1	equ	0xFE4
  3317                           plusw1	equ	0xFE3
  3318                           fsr1h	equ	0xFE2
  3319                           fsr1l	equ	0xFE1
  3320                           bsr	equ	0xFE0
  3321                           indf2	equ	0xFDF
  3322                           postinc2	equ	0xFDE
  3323                           postdec2	equ	0xFDD
  3324                           preinc2	equ	0xFDC
  3325                           plusw2	equ	0xFDB
  3326                           fsr2h	equ	0xFDA
  3327                           fsr2l	equ	0xFD9
  3328                           status	equ	0xFD8

Data Sizes:
    Strings     219
    Constant    0
    Data        18
    BSS         41
    Persistent  4
    Stack       0

Auto Spaces:
    Space          Size  Autos    Used
    COMRAM           94     83      91
    BANK0           160     74     129
    BANK1           256      0       0
    BANK2           256      0       0
    BANK3           256      0       0
    BANK4           256      0       0
    BANK5           256      0       0
    BANK6           256      0       0
    BANK7           256      0       0

Pointer List with Targets:

    f$.$buffer	PTR unsigned char  size(1) Largest target is 32
		 -> Draw_Card_To_Screen@cmd(COMRAM[32]), main@cmd(BANK0[32]), main@cmd_422(BANK0[32]), Penalty@l_cmd(COMRAM[16]), 

    f$.$source	PTR const unsigned char  size(2) Largest target is 0

    fputc@fp	PTR struct _IO_FILE size(1) Largest target is 11
		 -> sprintf@f(COMRAM[11]), 

    fputc@fp$.$buffer	PTR unsigned char  size(1) Largest target is 32
		 -> Draw_Card_To_Screen@cmd(COMRAM[32]), main@cmd(BANK0[32]), main@cmd_422(BANK0[32]), Penalty@l_cmd(COMRAM[16]), 

    fputc@fp$.$source	PTR const unsigned char  size(2) Largest target is 0

    Next_Send@cmd	PTR const unsigned char  size(2) Largest target is 32
		 -> Draw_Card_To_Screen@cmd(COMRAM[32]), main@cmd(BANK0[32]), main@cmd_422(BANK0[32]), Penalty@l_cmd(COMRAM[16]), 
		 -> STR_10(CODE[25]), STR_11(CODE[26]), STR_3(CODE[17]), STR_4(CODE[17]), 
		 -> STR_5(CODE[16]), STR_6(CODE[26]), STR_8(CODE[30]), 

    S1013$buffer	PTR unsigned char  size(1) Largest target is 32
		 -> Draw_Card_To_Screen@cmd(COMRAM[32]), main@cmd(BANK0[32]), main@cmd_422(BANK0[32]), Penalty@l_cmd(COMRAM[16]), 

    S1013$source	PTR const unsigned char  size(2) Largest target is 0

    sprintf@ap	PTR void [1] size(1) Largest target is 2
		 -> ?_sprintf(COMRAM[2]), 

    sprintf@fmt	PTR const unsigned char  size(1) Largest target is 18
		 -> STR_1(CODE[11]), STR_2(CODE[15]), STR_7(CODE[18]), STR_9(CODE[18]), 

    sprintf@s	PTR unsigned char  size(1) Largest target is 32
		 -> Draw_Card_To_Screen@cmd(COMRAM[32]), main@cmd(BANK0[32]), main@cmd_422(BANK0[32]), Penalty@l_cmd(COMRAM[16]), 

    vfpfcnvrt@ap	PTR PTR void  size(1) Largest target is 1
		 -> sprintf@ap(COMRAM[1]), 

    vfpfcnvrt@cp	PTR unsigned char  size(1) Largest target is 18
		 -> STR_1(CODE[11]), STR_2(CODE[15]), STR_7(CODE[18]), STR_9(CODE[18]), 

    vfpfcnvrt@fmt	PTR PTR unsigned char  size(1) Largest target is 1
		 -> vfprintf@cfmt(COMRAM[1]), 

    vfpfcnvrt@fp	PTR struct _IO_FILE size(1) Largest target is 11
		 -> sprintf@f(COMRAM[11]), 

    vfprintf@ap	PTR PTR void  size(1) Largest target is 1
		 -> sprintf@ap(COMRAM[1]), 

    vfprintf@cfmt	PTR unsigned char  size(1) Largest target is 18
		 -> STR_1(CODE[11]), STR_2(CODE[15]), STR_7(CODE[18]), STR_9(CODE[18]), 

    vfprintf@fmt	PTR const unsigned char  size(1) Largest target is 18
		 -> STR_1(CODE[11]), STR_2(CODE[15]), STR_7(CODE[18]), STR_9(CODE[18]), 

    vfprintf@fp	PTR struct _IO_FILE size(1) Largest target is 11
		 -> sprintf@f(COMRAM[11]), 


Critical Paths under _main in COMRAM

    _main->_Penalty
    _Reset_Round->_Next_Send
    _Penalty->_sprintf
    _sprintf->_vfprintf
    _vfprintf->_vfpfcnvrt
    _vfpfcnvrt->_abs
    _abs->___awmod
    ___awmod->_rand
    _rand->___lmul

Critical Paths under _ISR in COMRAM

    None.

Critical Paths under _main in BANK0

    None.

Critical Paths under _ISR in BANK0

    None.

Critical Paths under _main in BANK1

    None.

Critical Paths under _ISR in BANK1

    None.

Critical Paths under _main in BANK2

    None.

Critical Paths under _ISR in BANK2

    None.

Critical Paths under _main in BANK3

    None.

Critical Paths under _ISR in BANK3

    None.

Critical Paths under _main in BANK4

    None.

Critical Paths under _ISR in BANK4

    None.

Critical Paths under _main in BANK5

    None.

Critical Paths under _ISR in BANK5

    None.

Critical Paths under _main in BANK6

    None.

Critical Paths under _ISR in BANK6

    None.

Critical Paths under _main in BANK7

    None.

Critical Paths under _ISR in BANK7

    None.

Call Graph Tables:

 ---------------------------------------------------------------------------------
 (Depth) Function   	        Calls       Base Space   Used Autos Params    Refs
 ---------------------------------------------------------------------------------
 (0) _main                                                74    74      0    5443
                                              0 BANK0     74    74      0
                            _Get_Key
                          _Next_Send
                            _Penalty
                        _Reset_Round
                          _UART_Init
                            ___awmod
                               _rand
                            _sprintf
                              _srand
 ---------------------------------------------------------------------------------
 (1) _srand                                                4     2      2      23
                                              3 COMRAM     4     2      2
 ---------------------------------------------------------------------------------
 (1) _UART_Init                                            0     0      0       0
 ---------------------------------------------------------------------------------
 (1) _Reset_Round                                          0     0      0     102
                          _Next_Send
 ---------------------------------------------------------------------------------
 (1) _Penalty                                             19    19      0    2326
                                             64 COMRAM    19    19      0
                          _Next_Send
                            ___awmod
                               _rand
                            _sprintf
 ---------------------------------------------------------------------------------
 (2) _sprintf                                             20    14      6    1774
                                             46 COMRAM    18    12      6
                           _vfprintf
 ---------------------------------------------------------------------------------
 (3) _vfprintf                                             4     1      3    1567
                                             42 COMRAM     4     1      3
                          _vfpfcnvrt
 ---------------------------------------------------------------------------------
 (4) _vfpfcnvrt                                           11     8      3    1442
                                             31 COMRAM    11     8      3
                            ___awdiv
                            ___awmod
                                _abs
                              _fputc
 ---------------------------------------------------------------------------------
 (5) _fputc                                                8     5      3     230
                                              3 COMRAM     8     5      3
                              _putch
 ---------------------------------------------------------------------------------
 (6) _putch                                                1     1      0       0
 ---------------------------------------------------------------------------------
 (5) _abs                                                  4     2      2      67
                                             27 COMRAM     4     2      2
                            ___awmod (ARG)
 ---------------------------------------------------------------------------------
 (5) ___awmod                                              6     2      4     306
                                             21 COMRAM     6     2      4
                               _rand (ARG)
 ---------------------------------------------------------------------------------
 (5) ___awdiv                                              8     4      4     302
                                              3 COMRAM     8     4      4
 ---------------------------------------------------------------------------------
 (2) _rand                                                 6     4      2      94
                                             15 COMRAM     6     4      2
                             ___lmul
 ---------------------------------------------------------------------------------
 (3) ___lmul                                              12     4      8      94
                                              3 COMRAM    12     4      8
 ---------------------------------------------------------------------------------
 (2) _Next_Send                                            4     2      2     102
                                              3 COMRAM     4     2      2
 ---------------------------------------------------------------------------------
 (1) _Get_Key                                             20    20      0     253
                                              3 COMRAM    20    20      0
 ---------------------------------------------------------------------------------
 Estimated maximum stack depth 6
 ---------------------------------------------------------------------------------
 (Depth) Function   	        Calls       Base Space   Used Autos Params    Refs
 ---------------------------------------------------------------------------------
 (7) _ISR                                                  3     3      0       0
                                              0 COMRAM     3     3      0
 ---------------------------------------------------------------------------------
 Estimated maximum stack depth 7
 ---------------------------------------------------------------------------------

 Call Graph Graphs:

 _main (ROOT)
   _Get_Key
   _Next_Send
   _Penalty
     _Next_Send
     ___awmod
       _rand (ARG)
         ___lmul
     _rand
     _sprintf
       _vfprintf
         _vfpfcnvrt
           ___awdiv
           ___awmod
           _abs
             ___awmod (ARG)
           _fputc
             _putch
   _Reset_Round
     _Next_Send
   _UART_Init
   ___awmod
   _rand
   _sprintf
   _srand

 _ISR (ROOT)

Address spaces:
Name               Size   Autos  Total    Usage
BIGRAM            2047      0       0      0.0%
BITBANK7           256      0       0      0.0%
BANK7              256      0       0      0.0%
BITBANK6           256      0       0      0.0%
BANK6              256      0       0      0.0%
BITBANK5           256      0       0      0.0%
BANK5              256      0       0      0.0%
BITBANK4           256      0       0      0.0%
BANK4              256      0       0      0.0%
BITBANK3           256      0       0      0.0%
BANK3              256      0       0      0.0%
BITBANK2           256      0       0      0.0%
BANK2              256      0       0      0.0%
BITBANK1           256      0       0      0.0%
BANK1              256      0       0      0.0%
BITBANK0           160      0       0      0.0%
BANK0              160     74     129     80.6%
BITCOMRAM           94      0       0      0.0%
COMRAM              94     83      91     96.8%
BITBIGSFRh          82      0       0      0.0%
BITBIGSFRlh         43      0       0      0.0%
BITBIGSFRll         33      0       0      0.0%
STACK                0      0       0      0.0%
DATA                 0      0     220      0.0%


Microchip Technology PIC18 Macro Assembler V3.10 build 20250813170317 
Symbol Table                                                                                   Mon Jun  8 15:42:22 2026

                     l60 107C                       l52 1004                       l61 109E  
                     l70 0D8C                       l71 0DB4                       l47 13D8  
                     l58 106E                       l68 0D64                       l69 0DE6  
                     l98 1136             ___awdiv@sign 000A                      l101 1346  
                    l146 126A                      l147 127A                      l476 0EA6  
                    l489 0F54                      l923 13AA                      l961 0CE4  
                    l971 1362                      l974 137A                      l967 130E  
                    l986 0FFE                      l997 13EC                      u600 0DF8  
                    u601 0DF4                      u610 0E12                      u611 0E0E  
                    u620 0E36                      u700 0F20                      _ISR 0008  
                    u621 0E32                      u701 0F1C                      u630 0E54  
                    u710 0F44                      u631 0E50                      u711 0F40  
                    u640 0E70                      u720 0F66                      u800 0BE4  
                    u641 0E6C                      u721 0F62                      u801 0BDE  
                    u650 0E96                      u730 0F76                      u810 0BE6  
                    u651 0E92                      u731 0F72                      u900 1012  
                    u660 0EB8                      u740 0F9C                      u820 0C42  
                    u901 100E                      u661 0EB4                      u741 0F98  
                    u821 0C3E                      u910 1032                      u670 0ED2  
                    u750 0FCE                      u830 0C52                      u671 0ECE  
                    u751 0FCA                      u831 0C4E                      u920 1058  
                    u680 0EEC                      u760 1356                      u840 0C62  
                    u681 0EE8                      u761 1352                      u841 0C5E  
                    u930 1068                      u690 0F0A                      u850 0C72  
                    u770 0B56                      u931 1064                      u691 0F06  
                    u851 0C6E                      u771 0B52                      u940 107C  
                    u860 0CB2                      u780 0B92                      u941 1078  
                    u917 1028                      u861 0CAE                      u781 0B8E  
                    u950 109E                      u870 1230                      u790 0BAE  
                    u951 109A                      u927 104E                      u871 122C  
                    u791 0BAA                      u880 126A                      u960 1196  
                    u881 1266                      u890 1308                      u971 0CF0  
                    u891 1304                      u980 0D1A                      u981 0D16  
                    u965 118C                      u994 0D30                      u995 0D2C  
                    _abs 1348             ___awmod@sign 001C                      wreg 0FE8  
            main@cmd_422 0082                     ?_ISR 0002                     ISR@c 0059  
                   l1002 13C6                     l1005 11A4                     ?_abs 001D  
                   l1411 0DF8                     l1421 0E1E                     l1413 0E00  
                   l1501 1348                     l1431 0E54                     l1423 0E24  
                   l1415 0E04                     l1407 0DE8                     l1503 1356  
                   l1511 0B68                     l1441 0E80                     l1433 0E5A  
                   l1425 0E36                     l1417 0E12                     l1409 0DEA  
                   l1521 0BC6                     l1513 0B6C                     l1505 0B34  
                   l1601 1384                     l1435 0E70                     l1427 0E3E  
                   l1443 0E86                     l1419 0E1A                     l1451 0EA8  
                   l1531 0C42                     l1523 0BD0                     l1515 0B76  
                   l1507 0B56                     l1603 138A                     l1611 13C8  
                   l1445 0E96                     l1437 0E78                     l1429 0E46  
                   l1461 0ED2                     l1453 0EAA                     l1541 0C9E  
                   l1533 0C52                     l1525 0BE8                     l1517 0B92  
                   l1509 0B5E                     l1605 1390                     l1613 13CC  
                   l1623 0D1E                     l1615 0CE6                     l1447 0E9E  
                   l1439 0E7A                     l1471 0F0A                     l1463 0EDA  
                   l1455 0EB8                     l1535 0C62                     l1543 0CA0  
                   l1527 0C16                     l1519 0BAE                     l1607 13A0  
                   l1641 0DC2                     l1633 0D72                     l1625 0D3C  
                   l1617 0CF8                     l1561 1240                     l1481 0F44  
                   l1473 0F20                     l1465 0EEC                     l1457 0EC0  
                   l1537 0C72                     l1529 0C30                     l1545 0CB6  
                   l1801 08E4                     l1627 0D44                     l1619 0CFE  
                   l1563 124A                     l1555 1212                     l1483 0F4C  
                   l1475 0F28                     l1467 0EF4                     l1459 0EC4  
                   l1491 0F76                     l1539 0C84                     l1571 1308  
                   l1811 08F4                     l1803 08E6                     l1645 0DDC  
                   l1637 0D9A                     l1629 0D52                     l1581 1038  
                   l1557 1222                     l1477 0F2E                     l1469 0EFC  
                   l1493 0F80                     l1549 0CC2                     l1565 12D4  
                   l1661 10E6                     l1653 10A0                     l1821 0920  
                   l1813 08F6                     l1805 08E8                     l1591 1082  
                   l1583 1068                     l1575 1000                     l1559 1230  
                   l1479 0F34                     l1495 0F9C                     l1487 0F56  
                   l1567 12DC                     l1663 1102                     l1655 10A4  
                   l1671 1316                     l1831 0964                     l1823 0924  
                   l1815 08F8                     l1807 08EC                     l1649 0DE4  
                   l1577 1012                     l1593 1138                     l1497 0FCE  
                   l1489 0F66                     l1569 12EC                     l1665 1114  
                   l1657 10CA                     l1673 13AC                     l1841 09AE  
                   l1825 0936                     l1833 0968                     l1817 08FA  
                   l1809 08F0                     l1579 1034                     l1595 1176  
                   l1667 111E                     l1659 10E4                     l1851 09D8  
                   l1843 09B8                     l1835 0970                     l1827 0946  
                   l1819 0906                     l1589 107E                     l1669 1310  
                   l1861 0A22                     l1853 09E2                     l1845 09BE  
                   l1837 0982                     l1829 095A                     l1599 137C  
                   l1871 0A76                     l1855 09F4                     l1863 0A26  
                   l1847 09C2                     l1839 099E                     l1881 0AAA  
                   l1873 0A86                     l1857 0A04                     l1849 09C6  
                   l1865 0A44                     l1891 0AFE                     l1883 0ABC  
                   l1875 0A90                     l1859 0A08                     l1893 0B0E  
                   l1885 0AC6                     l1877 0A96                     l1869 0A5A  
                   l1797 08DE                     l1895 0B12                     l1887 0AD8  
                   l1879 0A9A                     l1799 08E2                     l1889 0AEA  
                   STR_1 08D1                     STR_2 08C2                     STR_3 08A1  
                   STR_4 0890                     STR_5 08B2                     STR_6 0839  
                   STR_7 087E                     STR_8 0801                     STR_9 086C  
                   u1000 0D52                     u1001 0D4E                     u1010 0D72  
                   u1011 0D6E                     u1020 0D9A                     u1021 0D96  
                   u1030 0DC2                     u1031 0DBE                     u1200 0A56  
                   u1201 0A52                     u1210 0A86                     u1211 0A82  
                   u1044 10BE                     u1220 0AAA                     u1045 10BA  
                   u1221 0AA6                     u1230 0AD8                     u1150 0936  
                   u1231 0AD4                     u1151 0932                     u1240 0AEA  
                   u1160 095A                     u1241 0AE6                     u1161 0956  
                   u1170 0982                     u1307 1128                     u1171 097E  
                   u1180 09AE                     u1317 0D3E                     u1181 09AA  
                   u1190 09F4                     _LATB 0F8A                     u1191 09F0  
                   _LATD 0F8C                     u1257 0912                     u1267 0A14  
                   u1277 0A32                     u1287 0B1E                     u1297 10D6  
                   i2l89 120E                     abs@a 001D                     _dbuf 00AA  
                   _main 08DE                     _rand 1138                     _seed 00DD  
                   _prec 0057                     fsr1h 0FE2                     fsr2h 0FDA  
                   indf1 0FE7                     indf2 0FDF                     fsr1l 0FE1  
                   fsr2l 0FD9                     btemp 0001                     prodl 0FF3  
                   start 000E          __end_of_Get_Key 0DE8             ___param_bank 0000  
                  ??_ISR 0002                    ??_abs 001F          __end_of_Penalty 1138  
                  ?_main 0002                    ?_rand 0011          __end_of___awdiv 0EA8  
                  STR_10 0853                    STR_11 081F          __end_of___awmod 0F56  
        ___awdiv@divisor 0007                    _T1CON 0FCD          ___awdiv@counter 0009  
                  _RCSTA 0FAB             vfpfcnvrt@fmt 0022                    _TMR1H 0FCF  
                  _TMR1L 0FCE                    _SPBRG 0FAF                    _TRISB 0F93  
                  _TRISD 0F95                    _TXREG 0FAD                    _TXSTA 0FAC  
    ___lmul@multiplicand 0009             main@raw_card 00A8                    _flags 005B  
                  _fputc 0F56                    _lives 00DC                    _srand 13AC  
                  btemp0 0001                    btemp1 0002                    _width 0055  
                  _putch 13EC                    main@k 00A7                    tablat 0FF5  
                  plusw1 0FE3                    plusw2 0FDB                    status 0FD8  
        __end_of_sprintf 13AC               Next_Send@i 0007          __initialization 127C  
           __end_of_main 0B34             __end_of_rand 11A6                   ??_main 0060  
                 ??_rand 0013            __activetblptr 0002                   ?_fputc 0005  
       ___awdiv@dividend 0005                   ?_srand 0005                   ?_putch 0002  
                 i2l1281 1206                   i2l1283 120C                   i2l1275 11A8  
                 i2l1277 11B6                   i2l1279 1200            ??_Reset_Round 0009  
          vfpfcnvrt@done 0025                ??_Get_Key 0005                ??_Penalty 0042  
           vfprintf@cfmt 002F        __end_of_UART_Init 13DA                   ___lmul 1212  
              ??___awdiv 0009                ??___awmod 001B                   clear_0 12B4  
                 clear_1 12C0         ___awdiv@quotient 000B          ___awmod@divisor 0019  
                 isa$std 0001          ___awmod@counter 001B                   fputc@c 0005  
           __pdataCOMRAM 005C             __mediumconst 0800                   tblptrh 0FF7  
                 tblptrl 0FF6                   tblptru 0FF8                   srand@s 0005  
                 putch@c 0002         __end_of_vfprintf 1310                ??_sprintf 0036  
             __accesstop 0060  __end_of__initialization 12C6            ___rparam_used 0001  
    __end_of_Reset_Round 1348           __pcstackCOMRAM 0002             __pidataBANK0 13DA  
          __end_of_fputc 1000            __end_of_srand 13C8            __end_of_putch 13EE  
      __end_of_Next_Send 10A0                  ??_fputc 0008                  ??_srand 0007  
                ??_putch 0005               __pbssBANK0 00AA                  ?___lmul 0005  
         ___lmul@product 000D                  i2u46_40 11B6                  i2u46_41 11B2  
                i2u47_40 11D6                  i2u47_41 11CE                  i2u49_40 1200  
                i2u48_48 11D8                  i2u49_41 11FC              _Reset_Round 1310  
                _Get_Key 0CE6                  _Penalty 10A0                  __Hparam 0000  
                __Lparam 0000                  ___awdiv 0DE8                  ___awmod 0EA8  
              ?_vfprintf 002C             __psmallconst 0800                  _d_score 00CA  
                __pcinit 127C                  __ramtop 0800                  __ptext0 08DE  
                __ptext1 13AC                  __ptext2 13C8                  __ptext3 1310  
                __ptext4 10A0                  __ptext5 137C                  __ptext6 12D4  
                __ptext7 0B34                  __ptext8 0F56                  __ptext9 13EC  
                _p_score 00CB         ___awmod@dividend 0017             Penalty@l_cmd 0045  
                main@cmd 0062                  _sprintf 137C           __pintcode_body 11A6  
   end_of_initialization 12C6                  fputc@fp 0007            __Lmediumconst 0000  
                int_func 11A6        __end_of_vfpfcnvrt 0CE6                  postdec1 0FE5  
                postdec2 0FDD                  postinc0 0FEE                  postinc1 0FE6  
                postinc2 0FDE         vfpfcnvrt@convarg 0027               ??_vfprintf 002F  
              _UART_Init 13C8                _PORTBbits 0F81                _TRISCbits 0F94  
           Next_Send@cmd 0005               main@points 00A2           __end_of___lmul 127C  
            vfpfcnvrt@ap 0023              vfpfcnvrt@cp 0026              vfpfcnvrt@fp 0021  
             ?_UART_Init 0002            __pidataCOMRAM 13EE      start_initialization 127C  
            __end_of_ISR 1212              __end_of_abs 137C                _Next_Send 1000  
            vfprintf@fmt 002D                 ??___lmul 000D              __pdataBANK0 00CC  
            __pbssCOMRAM 0055            __pcstackBANK0 0060             ?_Reset_Round 0002  
               ?_Get_Key 0002               ?_Next_Send 0005                __pnvBANK0 00DD  
               ?_Penalty 0002                __pintcode 0008                 ?___awdiv 0005  
               ?___awmod 0017              ??_UART_Init 0005              __smallconst 0800  
               ?_sprintf 0030             Get_Key@F3669 00CC                 _LATCbits 0F8B  
               _PIE1bits 0F9D                 _PIR1bits 0F9E                 Get_Key@r 0017  
              _servo_pos 005C                _vfpfcnvrt 0B34                main@d_raw 00A9  
             vfpfcnvrt@c 002B        ___lmul@multiplier 0005              _INTCON2bits 0FF1  
              copy_data0 1290              ??_Next_Send 0007                 __Hrparam 0000  
             vfprintf@ap 002E                 __Lrparam 0000               vfprintf@fp 002C  
             ?_vfpfcnvrt 0021               sprintf@fmt 0031                 _main$421 00A5  
               _main$415 00A3                 __ptext10 1348                 __ptext11 0EA8  
               __ptext12 0DE8                 __ptext13 1138                 __ptext14 1212  
               __ptext15 1000                 __ptext16 0CE6                 isa$xinst 0000  
            Get_Key@keys 0007                 int$flags 0001                 _vfprintf 12D4  
             _INTCONbits 0FF2                 intlevel2 0000                sprintf@ap 0036  
            ??_vfpfcnvrt 0024                 sprintf@f 0037                 sprintf@s 0030  
